id,announce_date,licensor,licensor_ticker,licensee,licensee_ticker,asset,modality,target_indication,stage_at_deal,territory_licensed,deal_structure,upfront_usd_m,near_term_usd_m,milestones_total_usd_m,total_deal_value_usd_m,royalty_terms,royalty_disclosed_level,equity_in_newco,status_2026,monetization_flag,sources,notes,source_window
202301-wuxibio-tce4,2023-01-05,WuXi Biologics,2269.HK,GSK,NYSE:GSK,1 TAAxCD3 bispecific TCE + option on up to 3 further TCE bi/multispecifics (WuXi platform),TCE,oncology (undisclosed TAA x CD3),preclinical,global,license,40.0,,1460.0,1500.0,tiered royalties on net sales (rates undisclosed),qualitative,,unknown,none found,https://www.drugtimes.cn/2023/05/22/zhongbangdi1jidubdjiaoyidapandianweihezheixiezaoqixiangmubei/ | https://bydrug.pharmcube.com/news/detail/236af1d4b3575814df74917d2d254d88 | https://www.goodwinlaw.com/en/insights/publications/2024/03/insights-lifesciences-major-life-sciences-licensing-deal-trends,"Some sources date Jan 4, 2023. Platform-derived antibodies; targets undisclosed. CDMO licensor.",2023
202301-evopoint-adc,2023-01-10,Evopoint Biosciences (Suzhou Xinnuowei),private,AmMax Bio,private,undisclosed solid-tumor ADC,ADC,solid tumors,preclinical,ex-Greater China,license,,,,871.0,undisclosed,undisclosed,,unknown,none found,https://www.drugtimes.cn/2023/05/22/zhongbangdi1jidubdjiaoyidapandianweihezheixiezaoqixiangmubei/,"$871M total incl. upfront, dev/reg/sales milestones; upfront not separately disclosed. Small private US licensee (credit risk). Distinct from Evopoint's 2025 XNW27011 deal with Astellas.",2023
202301-mabwell-9mw3011,2023-01-20,Mabwell (Shanghai) Bioscience,688062.SH,Disc Medicine,NASDAQ:IRON,9MW3011 (MWTX-003; DISC-3405) anti-TMPRSS6 mAb (+MWTX-001/-002),mAb,"iron homeostasis disorders: polycythemia vera, beta-thalassemia",preclinical,ex-Greater China and ex-Southeast Asia,license,10.0,,402.5,412.5,tiered royalties up to near low-double-digit % of net sales (per Mabwell announcement; '最高近2位数'); Disc 10-K does not state rate,qualitative,,clinical development by Disc (DISC-3405); $5M milestone paid Oct 2023; exact phase unverified,none found,https://www.drugtimes.cn/2023/05/22/zhongbangdi1jidubdjiaoyidapandianweihezheixiezaoqixiangmubei/ | https://www.sec.gov/Archives/edgar/data/1816736/000119312526073602/iron-20251231.htm | https://www.dennisgong.com/blog/chinesebiotech/,"Agreement dated Jan 19, 2023. Milestones: up to $127.5M dev/reg + $275M commercial (Disc 10-K).",2023
202301-hutchmed-fruquintinib,2023-01-23,HUTCHMED,NASDAQ:HCM / 0013.HK,Takeda,TSE:4502 / NYSE:TAK,fruquintinib (Fruzaqla),small molecule,VEGFR1/2/3 inhibitor; metastatic colorectal cancer (3L+),filed,"ex-China (worldwide outside mainland China, HK, Macau)",license,400.0,,730.0,1130.0,"royalties on net sales (rate undisclosed); HUTCHMED also earns manufacturing revenue. 2025: Fruzaqla in-market sales $366.2M, HUTCHMED consolidated $89.4M from manufacturing revenue + royalties (~24% of sales combined)",undisclosed,,"approved US (Nov 8, 2023), EU and Japan (2024); approved in 38 countries; $35M milestones received by end-2023",none found,https://www.sec.gov/Archives/edgar/data/1648257/000110465924028454/hcm-20231231x20f.htm | https://www.sec.gov/Archives/edgar/data/1648257/000110465926023822/hcm-20251231x20f.htm | https://bydrug.pharmcube.com/news/detail/236af1d4b3575814df74917d2d254d88,"Stage: US NDA filing was planned/underway at signing (FRESCO-2 positive). Takeda may terminate for convenience. Strong royalty-monetization candidate: approved, growing sales, IG licensee; rate not public.",2023
202302-cspc-sys6002,2023-02-14,CSPC Megalith Biopharmaceutical (CSPC Pharmaceutical Group),1093.HK,Corbus Pharmaceuticals,NASDAQ:CRBP,SYS6002 / CRB-701 (Nectin-4 ADC),ADC,"Nectin-4+ solid tumors (urothelial, HNSCC, cervical etc.)",Ph1,"US, Canada, EU (incl. EFTA), UK, Australia",license,7.5,,685.0,692.5,royalties in the low double digits on net sales (Corbus 10-K),range,,Ph1/2 (Corbus); later-stage plans unverified,none found,https://www.sec.gov/Archives/edgar/data/1595097/000119312526098530/crbp-20251231.htm,"Effective Feb 12, 2023. Upfront $7.5M ($5M at signing + $2.5M in Q3 2024). Milestones $130M dev/reg + $555M commercial. Small-cap licensee (credit risk).",2023
202302-harbour-hbm7008,2023-02-14,Harbour BioMed,2142.HK,Cullinan Oncology (Cullinan Therapeutics),NASDAQ:CGEM,HBM7008 / CLN-418 (B7H4 x 4-1BB bispecific),bispecific,solid tumors,Ph1,US only,license,25.0,,563.0,588.0,tiered royalties up to the high teens % of US net sales,range,,terminated - Cullinan gave notice Aug 2024 after Ph1 review (effective Nov 2024); rights returned,none found,https://www.globenewswire.com/en/news-release/2023/02/14/2607192/0/en/Cullinan-Oncology-Licenses-U-S-Rights-to-the-First-Clinical-Stage-B7H4-x-4-1BB-Bispecific-Immune-Activator-from-Harbour-BioMed.html | https://www.sec.gov/Archives/edgar/data/1789972/000119312526099362/cgem-20251231.htm,Milestones: $148M dev/reg + $415M sales.,2023
202302-hengrui-shr2554,2023-02-20,Jiangsu Hengrui Pharmaceuticals,600276.SH / 1276.HK,Treeline Biosciences,private,SHR2554 (EZH2 inhibitor),small molecule,lymphoma (r/r PTCL etc.),Ph2,ex-Greater China,license,11.0,,695.0,706.0,undisclosed,undisclosed,,approved in China (Hengrui) as China's first EZH2 inhibitor per Pharmcube; ex-China status under Treeline unknown,none found,https://www.bioworld.com/articles/694258-hengrui-licenses-ezh2-inhibitor-to-treeline-in-700m-deal?v=preview,Announce date approximate (Feb 2023 per BioWorld; exact day not confirmed). Milestones: up to $45M development + $650M sales-based. Private licensee.,2023
202302-kym-cmg901,2023-02-23,KYM Biosciences (JV of Keymed Biosciences and Lepu Biopharma),private JV (parents 2162.HK / 2157.HK),AstraZeneca,NASDAQ:AZN,CMG901 / AZD0901 / sonesitatug vedotin (Claudin18.2 MMAE ADC),ADC,"CLDN18.2+ gastric/GEJ cancer, other solid tumors",Ph1,global,license,63.0,,1125.0,1188.0,tiered royalties on net sales (rates undisclosed),qualitative,,Ph3 CLARITY-Gastric01 (2L+ CLDN18.2+ GC) readout expected H1 2026 per AZ FY2025 20-F,none found,https://www.drugtimes.cn/2023/05/22/zhongbangdi1jidubdjiaoyidapandianweihezheixiezaoqixiangmubei/ | https://www.sec.gov/Archives/edgar/data/901832/000110465926019130/azn-20251231x20f.htm | https://bydrug.pharmcube.com/news/detail/236af1d4b3575814df74917d2d254d88,"Global rights incl. China. Late-stage, IG licensee; royalty split between Keymed and Lepu via JV.",2023
202303-highlightll-tll041,2023-03-22,Hangzhou Highlightll Pharmaceutical,private,Biohaven Ltd,NYSE:BHVN,TLL-041 / BHV-8000 (brain-penetrant TYK2/JAK1 inhibitor),small molecule,"neuroinflammatory disorders: Parkinson's, ARIA prevention, MS",preclinical,ex-China (worldwide excl. China and territories),license,10.0,10.0,950.0,970.0,tiered royalties mid-single digit to low-teens % of net sales,range,,Ph2/3 pivotal trial in early Parkinson's disease started H1 2025 (Biohaven 10-K),none found,https://www.fiercebiotech.com/biotech/biohaven-tacks-brain-disorder-med-its-pipeline-paying-970m-ex-china-rights-highlightll-drug | https://www.sec.gov/Archives/edgar/data/1935979/000193597926000020/bhvn-20251231.htm | https://www.drugtimes.cn/2023/05/22/zhongbangdi1jidubdjiaoyidapandianweihezheixiezaoqixiangmubei/,near_term = $10M in BHVN equity. Biohaven is cash-burning (credit risk).,2023
202304-duality-db1303-db1311,2023-04-03,Duality Biologics (DualityBio),private at deal,BioNTech,NASDAQ:BNTX,"DB-1303/BNT323 (trastuzumab pamirtecan, HER2 ADC) and DB-1311/BNT324 (B7-H3 ADC)",ADC,"HER2-expressing solid tumors (endometrial, HR+/HER2-low breast); B7-H3+ solid tumors (prostate, lung)",Ph2,"ex-mainland China, HK, Macau",license / co-dev,170.0,,1500.0,1670.0,"tiered royalties from single-digit to double-digit % on net sales, differing by agreement; subject to stacking and biosimilar reductions (BioNTech 20-F)",range,,DB-1303: Ph3 DYNASTY-Breast02 and Ph3 endometrial ongoing; FDA BTD (endometrial); BLA in 2L endometrial planned 2026. DB-1311: Ph1/2 (+combos),none found,https://www.sec.gov/Archives/edgar/data/1776985/000177698526000017/bntx-20251231.htm | https://www.pharmexec.com/view/out-licensing-deals-chinese-pharma-global-companies-heating-up | https://bydrug.pharmcube.com/news/detail/236af1d4b3575814df74917d2d254d88,"HER2 agreement signed Mar 16, 2023; B7H3 agreement Mar 31, 2023. Duality has option to co-fund/co-promote B7H3 product in US (profit share). Across the 3 BioNTech-Duality agreements: $220M upfront, up to $2.6B milestones. DB-1303 stage: Ph1/2 with registrational cohort at signing. Strong monetization candidate (late-stage, disclosed range).",2023
202304-genequantum-gq1010,2023-04-13,GeneQuantum Healthcare (Qide Pharma),private,Pyramid Biosciences,private,GQ1010 (TROP2 ADC),ADC,TROP2+ solid tumors,preclinical,ex-Greater China,license,20.0,,,1020.0,undisclosed,undisclosed,,unknown,none found,https://bydrug.pharmcube.com/news/detail/236af1d4b3575814df74917d2d254d88 | https://www.pharmexec.com/view/out-licensing-deals-chinese-pharma-global-companies-heating-up,Upfront $20M and total ~$1.02B per Pharmcube Top-15 table; small private licensee (credit risk).,2023
202304-medilink-yl212,2023-04-24,MediLink Therapeutics (Suzhou),private,Zai Lab,NASDAQ:ZLAB / 9688.HK,"YL212 / ZL-1310 (zocilurtatug pelitecan, 'zoci'; DLL3 ADC)",ADC,"small cell lung cancer, neuroendocrine carcinomas",preclinical,global,license,10.0,,592.0,602.0,tiered royalties high single digits to low double digits on annual net sales,range,,Ph3 in extensive-stage SCLC ongoing (Zai Lab FY2025 10-K); global Ph1 1L SCLC,none found,https://www.sec.gov/Archives/edgar/data/1704292/000162828025008409/ex1022-medilinklicenseagre.htm | https://www.sec.gov/Archives/edgar/data/1704292/000170429226000015/zlab-20251231.htm,Licensee is China-founded (Zai Lab) - China-to-China-founded global deal; include/exclude per downstream rule. Monetization candidate if Ph3 succeeds; Zai credit moderate.,2023
202305-blissbio-bb1701,2023-05-08,BlissBio (Baili Sikang),private,Eisai,TSE:4523,BB-1701 (HER2 eribulin ADC),ADC,"HER2+/HER2-low breast cancer, other HER2 solid tumors",Ph1,ex-Greater China (option for global ex-GC rights),option / co-dev,,,,2000.0,royalties payable upon option exercise (rates undisclosed),qualitative,,unknown,none found,https://www.pharmexec.com/view/out-licensing-deals-chinese-pharma-global-companies-heating-up | https://bydrug.pharmcube.com/news/detail/236af1d4b3575814df74917d2d254d88 | https://www.goodwinlaw.com/en/insights/publications/2024/03/insights-lifesciences-major-life-sciences-licensing-deal-trends,Eisai pays upfront + Ph2 development milestones; additional upfront on option exercise; up to $2B milestones. Goodwin lists date 8/14/2023 (likely completion).,2023
202305-lanova-lm305,2023-05-15,LaNova Medicines,private,AstraZeneca,NASDAQ:AZN,LM-305 / AZD0305 (GPRC5D MMAE ADC),ADC,relapsed/refractory multiple myeloma,Ph1,global,license,55.0,,545.0,600.0,undisclosed,undisclosed,,"early clinical (AZD0305 listed in AZ FY2025 pipeline, r/r MM)",none found,https://www.dennisgong.com/blog/chinesebiotech/ | https://www.sec.gov/Archives/edgar/data/901832/000110465926019130/azn-20251231x20f.htm,Announce date May 2023 (exact day not confirmed in fetched sources).,2023
202306-impact-imp1734,2023-06-01,Impact Therapeutics (Nanjing),private at deal,Eikon Therapeutics,private,IMP1734 (PARP1-selective inhibitor) + brain-penetrant PARP1i,small molecule,HRD/BRCA-mutant solid tumors,preclinical,ex-Greater China,license / co-dev,,,,,undisclosed,undisclosed,,IMP1734/EIK1003 in Ph1 (status beyond not verified),none found,https://www.eikontx.com/news/eikon-therapeutics-acquires-global-rights-to-clinical-stage-assets-and-announces-emerging-drug-development-pipeline/ | https://www.contractpharma.com/contents/view_breaking-news/2023-06-01/impact-therapeutics-eikon-partner-to-develop-parp1-selective-inhibitors/,Financial terms not disclosed. Impact later filed HKEX listing application (2025).,2023
202306-sevenandeight-tlr78,2023-06-01,Seven and Eight Biotherapeutics,private,Eikon Therapeutics,private,TLR7/8 agonist immune modulators (BDB001 family; EIK1001),small molecule,advanced solid tumors (with PD-(L)1),Ph2,global,asset sale / license,,,,,undisclosed,undisclosed,,unknown,none found,https://www.eikontx.com/news/eikon-therapeutics-acquires-global-rights-to-clinical-stage-assets-and-announces-emerging-drug-development-pipeline/ | https://www.cooley.com/news/coverage/2023/2023-06-14-impact-therapeutics-seven-and-eight-biopharma-announce-global-license-collaboration-agreements-with-eikon,"China-linked licensor counted in Chinese 2023 out-licensing tallies (TLR8 asset), but domicile not verified - check before using. Terms undisclosed.",2023
202307-duality-db1312,2023-07-10,Duality Biologics (DualityBio),private at deal,BeiGene (BeOne Medicines),NASDAQ:ONC,DB-1312 / BG-C9074 (B7-H4 ADC),ADC,"B7-H4+ solid tumors (breast, endometrial, ovarian, CCA, sqNSCLC)",preclinical,global (on option exercise),option,,,,1300.0,royalties (rates undisclosed),qualitative,,BeiGene exercised option Dec 2024; Ph1a,none found,https://www.fiercebiotech.com/biotech/beigene-links-future-dualitybio-inking-backloaded-13b-deal-solid-tumor-adc | https://www.sec.gov/Archives/edgar/data/1651308/000162828026011946/bgne-20251231.htm | https://www.manilatimes.net/2024/12/31/tmt-newswire/pr-newswire/duality-biologics-announces-b7h4-adc-milestone-achievement-and-license-exercise-by-beigene/2028710,"Licensee China-founded (BeiGene/BeOne, Swiss-domiciled). Backloaded; upfront undisclosed.",2023
202307-biotheus-bnt-option,2023-07-20,Biotheus (Zhuhai Promis/普米斯),private,BioNTech,NASDAQ:BNTX,option on 1 preclinical bispecific + 1 clinical mAb (undisclosed),bispecific,oncology,preclinical,global (option),option,,,,,undisclosed,undisclosed,,superseded - Biotheus acquired by BioNTech (announced Nov 2024),none found,http://bk.cnpharm.com/zgyyb/2023/11/11/app_320770.html,Precursor to Nov 2023 PM8002 license; terms undisclosed.,2023
202308-duality-db1305,2023-08-07,Duality Biologics (DualityBio),private at deal,BioNTech,NASDAQ:BNTX,DB-1305 / BNT325 (TROP2 ADC),ADC,TROP2+ solid tumors,Ph1,"ex-mainland China, HK, Macau",license / co-dev,50.0,,,,"tiered royalties single-digit to double-digit % (BioNTech 20-F, across DualityBio agreements)",range,,Ph1/2 (incl. combos with pumitamig),none found,http://bk.cnpharm.com/zgyyb/2023/11/11/app_320770.html | https://www.sec.gov/Archives/edgar/data/1776985/000177698526000017/bntx-20251231.htm,"Agreement dated Aug 4, 2023. Upfront $50M is DERIVED: BioNTech discloses $220M aggregate upfront across 3 Duality agreements minus $170M for DB-1303/1311; not separately announced. Aggregate milestones across all 3 up to $2.6B.",2023
202308-hengrui-shr1905,2023-08-14,Jiangsu Hengrui Pharmaceuticals,600276.SH / 1276.HK,One Bio / Aiolos Bio (acquired by GSK Feb 2024),"private (now GSK, NYSE:GSK)",SHR-1905 / AIO-001 / GSK5784283 (long-acting anti-TSLP mAb),mAb,"asthma, COPD, other respiratory/inflammatory",Ph1,ex-Greater China,license,25.0,,1025.0,1050.0,tiered royalties (rates undisclosed); GSK assumed obligation to pay Hengrui success-based milestones and tiered royalties,qualitative,,"GSK (via Aiolos acquisition closed Feb 14, 2024; $1.0B upfront) - in late-stage development for asthma/COPD (GSK 20-F)",none found,http://bk.cnpharm.com/zgyyb/2023/11/11/app_320770.html | https://www.sec.gov/Archives/edgar/data/1131399/000113139925000007/gsk-20241231.htm | https://bydrug.pharmcube.com/news/detail/236af1d4b3575814df74917d2d254d88,Licensee upgraded from NewCo to GSK credit. Strong monetization candidate if Ph3 proceeds; rates undisclosed. Stage at deal reported as Ph1/Ph2 in different sources.,2023
202308-genfleet-ras,2023-08-28,GenFleet Therapeutics,private at deal,Verastem Oncology,NASDAQ:VSTM,up to 3 RAS-pathway programs; lead GFH375/VS-7375 (oral KRAS G12D ON/OFF inhibitor),small molecule,"KRAS G12D-mutant PDAC, NSCLC, CRC",preclinical,ex-Greater China,option,2.0,19.5,604.0,625.5,royalties mid to high single digits on net sales in Verastem territory,range,,"VS-7375 option exercised Jan 2025 ($6M); Ph1/2a in US, FDA Fast Track (PDAC)",none found,https://www.sec.gov/Archives/edgar/data/1526119/000110465926023444/vstm-20251231x10k.htm | http://bk.cnpharm.com/zgyyb/2023/11/11/app_320770.html,"Agreement Aug 24, 2023. Verastem 10-K: $2.0M upfront + $1.5M research support; up to $622M incl. $154M dev/commercial, $450M sales, $18M option fees. Chinese press reported $11.5M upfront (likely incl. near-term). near_term here = research support $1.5M + option fees $18M.",2023
202309-zenas-obexelimab,2023-09-05,Zenas BioPharma,NASDAQ:ZBIO,Bristol Myers Squibb,NYSE:BMY,obexelimab (CD19 x FcgRIIb bifunctional mAb),bispecific,"IgG4-related disease, SLE, other autoimmune",Ph3,"Japan, South Korea, Taiwan, Singapore, Hong Kong, Australia",license,50.0,,149.5,199.5,tiered royalties mid-teens to very-low twenties % in Japan; high single digit to low-teens % elsewhere in BMS territory,range,,Ph3 INDIGO (IgG4-RD) positive Jan 2026; BLA expected,"Sep 2025 Royalty Pharma Royalty Purchase Agreement ($75M upfront + up to $225M contingent): RP buys 5.5% of Zenas/US-UK-EU licensee net sales and 25% of royalty income from licensees outside US/UK/EU (i.e., part of the BMS Asia royalty stream)",https://www.sec.gov/Archives/edgar/data/1953926/000110465926027964/zbio-20251231x10k.htm | http://bk.cnpharm.com/zgyyb/2023/11/11/app_320770.html,"Licensor is US-HQ (Waltham) with China operations; asset in-licensed from Xencor - China-origin status questionable. Effective Aug 30, 2023. BMS also made equity investment. Milestones $79.5M dev/reg + $70M sales.",2023
202309-insilico-ism3091,2023-09-13,Insilico Medicine,private at deal (HK-HQ),Exelixis,NASDAQ:EXEL,ISM3091 / XL309 (USP1 inhibitor),small molecule,BRCA-mutant solid tumors,Ph1,global,license,80.0,,,,tiered royalties on net sales (rates undisclosed),qualitative,,Ph1 (mono and + olaparib) per Exelixis FY2025 10-K,none found,https://www.sec.gov/Archives/edgar/data/939767/000093976726000021/exel-20260102.htm | http://bk.cnpharm.com/zgyyb/2023/11/11/app_320770.html,Milestone amounts not disclosed.,2023
202309-inmagene-img018,2023-09-22,Inmagene Biopharmaceuticals (创响生物),private,Celexor Bio (NewCo with Aditum Bio),private,"IMG-018 (anti-ILT7 mAb, pDC depleting)",mAb,"autoimmune/inflammatory (e.g., lupus)",preclinical,global,NewCo,,,287.0,,undisclosed,undisclosed,equity stake in Celexor (% undisclosed),unknown,none found,http://bk.cnpharm.com/zgyyb/2023/11/11/app_320770.html,Upfront amount undisclosed.,2023
202310-medilink-yl202,2023-10-09,MediLink Therapeutics (Suzhou),private,BioNTech,NASDAQ:BNTX,YL202 / BNT326 (HER3 ADC),ADC,"HER3-expressing solid tumors (EGFRm NSCLC, breast)",Ph1,ex-Greater China,license,70.0,,,,tiered royalties (rates undisclosed),qualitative,,Ph1/2 incl. combos with pumitamig (BioNTech FY2025 20-F),none found,https://www.dennisgong.com/blog/chinesebiotech/ | https://www.sec.gov/Archives/edgar/data/1776985/000177698526000017/bntx-20251231.htm,Announce date approximate (Oct 2023). Total deal value reported >$1B in press (not confirmed in fetched sources).,2023
202310-kbp-ocedurenone,2023-10-16,KBP Biosciences,private,Novo Nordisk,NYSE:NVO,ocedurenone (KBP-5074; non-steroidal MRA),small molecule,uncontrolled hypertension in advanced CKD,Ph3,global,asset sale,,,,1300.0,undisclosed,undisclosed,,Ph3 CLARION-CKD stopped for futility (2024); Novo impaired the asset (FY2024 20-F tags ocedurenone IP impairment); subsequent Novo-KBP legal dispute reported,none found,https://www.goodwinlaw.com/en/insights/publications/2024/03/insights-lifesciences-major-life-sciences-licensing-deal-trends | https://bydrug.pharmcube.com/news/detail/236af1d4b3575814df74917d2d254d88 | https://www.sec.gov/Archives/edgar/data/353278/000162828025003920/nvo-20241231.htm,KBP is Singapore/Jinan-based. Upfront undisclosed (not invented). Dead asset.,2023
202310-hansoh-hs20089,2023-10-20,Hansoh Pharmaceutical,3692.HK,GSK,NYSE:GSK,HS-20089 / GSK5733584 / mocertatug rezetecan (B7-H4 ADC),ADC,"gynecological cancers (ovarian, endometrial), TNBC",Ph1,ex-Greater China,license,85.0,,1485.0,1570.0,"tiered royalties on global net sales outside mainland China, HK, Macau, Taiwan (rates undisclosed)",qualitative,,GSK BEHOLD programme; registrational Ph3 trials planned to start 2026,none found,https://www.gsk.com/en-gb/media/press-releases/gsk-enters-exclusive-license-agreement-with-hansoh-for-hs-20089/ | https://www.sec.gov/Archives/edgar/data/1131399/000113139926000004/gsk-20251231.htm | https://www.goodwinlaw.com/en/insights/publications/2024/03/insights-lifesciences-major-life-sciences-licensing-deal-trends,Goodwin table swaps HS-20089/HS-20093 dates; GSK PRs authoritative.,2023
202310-hengrui-hrs1167,2023-10-30,Jiangsu Hengrui Pharmaceuticals,600276.SH,"Merck KGaA, Darmstadt",ETR:MRK,HRS-1167 / M9466 (PARP1-selective inhibitor) + option on SHR-A1904 (Claudin18.2 ADC),small molecule,solid tumors (prostate etc.); CLDN18.2+ GI cancers,Ph1,ex-Greater China (global ex-China),license + option,175.0,,,1500.0,tiered royalties (rates undisclosed),qualitative,,unknown (M9466 early clinical; SHR-A1904 option status unverified),none found,https://www.goodwinlaw.com/en/insights/publications/2024/03/insights-lifesciences-major-life-sciences-licensing-deal-trends | https://visionlifesciences.com/insights/china-biotech-outbound-licensing-tracker,Upfront EUR160M (~$175M); total up to EUR1.4B (~$1.5B) incl. option exercise fee and milestones.,2023
202311-biotheus-pm8002,2023-11-06,Biotheus (Zhuhai Promis/普米斯),private,BioNTech,NASDAQ:BNTX,PM8002 / BNT327 / pumitamig (PD-L1 x VEGF-A bispecific),bispecific,"SCLC, TNBC, NSCLC, other solid tumors",Ph2,ex-Greater China,license,55.0,,,1055.0,royalties (rates undisclosed),qualitative,,"royalty extinguished - BioNTech acquired Biotheus (merger agreement Nov 13, 2024); asset now pumitamig, co-developed with BMS (Jun 2025, $1.5B upfront) in multiple Ph3s",none found,https://bydrug.pharmcube.com/news/detail/236af1d4b3575814df74917d2d254d88 | https://www.sec.gov/Archives/edgar/data/1776985/000177698525000013/bntx-20241231.htm | https://www.sec.gov/Archives/edgar/data/14272/000001427226000004/bmy-20251231.htm,"Date per Pharmcube Top-15 table (2023-11-06). Biotheus merger agreement with BioNTech dated Nov 13, 2024. Not a royalty candidate post-acquisition.",2023
202311-eccogene-ecc5004,2023-11-09,Eccogene (Shanghai),private,AstraZeneca,NASDAQ:AZN,ECC5004 / AZD5004 / elecoglipron (oral small-molecule GLP-1RA),small molecule,"obesity, type 2 diabetes",Ph1,ex-China (AZ global ex-China; Eccogene co-develops in China option),license,185.0,,1825.0,2010.0,tiered royalties on net sales (rates undisclosed),qualitative,,Ph2(b) in T2D and chronic weight management (AZ FY2025 20-F); $60M milestone paid Oct 2024 on Ph2b dosing,none found,https://www.pharmexec.com/view/out-licensing-deals-chinese-pharma-global-companies-heating-up | https://www.sec.gov/Archives/edgar/data/901832/000110465926019130/azn-20251231x20f.htm | https://www.dennisgong.com/blog/chinesebiotech/,Territory detail (China co-dev/co-commercialization) from memory of PR - verify.,2023
202311-legend-lb2102,2023-11-13,Legend Biotech,NASDAQ:LEGN,Novartis,NYSE:NVS,LB2102 (autologous DLL3 CAR-T) and other DLL3 CAR-Ts,cell therapy,"SCLC, large cell neuroendocrine carcinoma",Ph1,global,license,100.0,,1010.0,1110.0,tiered royalties (rates undisclosed),qualitative,,early clinical under Novartis (T-Charge); unknown,none found,https://www.sec.gov/Archives/edgar/data/1801198/000180119826000008/legn-20251231.htm | https://bydrug.pharmcube.com/news/detail/236af1d4b3575814df74917d2d254d88,"Upfront received Jan 3, 2024. Legend is China-founded (Nanjing), NJ-HQ.",2023
202312-abbisko-pimicotinib,2023-12-04,Abbisko Therapeutics,2256.HK,"Merck KGaA, Darmstadt",ETR:MRK,pimicotinib (ABSK021; CSF-1R inhibitor),small molecule,tenosynovial giant cell tumor (TGCT); cGVHD,Ph3,Greater China commercial license + exclusive option for rest of world,license + option,70.0,,,,double-digit tiered royalties on net sales by Merck KGaA,range,,Ph3 MANEUVER (global TGCT) completed; Merck reported to have exercised ROW option (2024) - regulatory/approval status not verified here,none found,https://www.merckgroup.com/en/news/abbisko-pimicotinib-agreement-04-12-2023.html | https://en.wikipedia.org/wiki/Pimicotinib | https://www.fiercebiotech.com/biotech/merck-kgaa-buys-abbiskos-late-stage-joint-tumor-med-70m-upfront,"Unusual: China licensor out-licenses China commercial rights first, with global option. Option fee + regulatory/commercial milestones undisclosed in PR (headline total ~$605.5M reported elsewhere, not verified). Strong monetization candidate: late-stage/near-approval, 'double-digit' royalty, A-rated licensee.",2023
202312-biokin-blb01d1,2023-12-11,Sichuan Biokin Pharmaceutical / SystImmune,688506.SH,Bristol Myers Squibb,NYSE:BMY,BL-B01D1 / izalontamab brengitecan (iza-bren; EGFR x HER3 bispecific ADC),ADC,"NSCLC (EGFRm post-TKI), breast cancer, other solid tumors",Ph1,global ex-mainland China (US co-dev/co-commercialization with profit share; ROW royalty),co-dev,800.0,500.0,7100.0,8400.0,US: 50/50 profit/loss share (co-commercialization); rest of world ex-China: SystImmune receives royalty on net sales (rate undisclosed); BMS receives royalty on mainland China sales,qualitative,,global Ph3 program; FDA Breakthrough Therapy (EGFRm NSCLC post-TKI) Aug 2025; BMS paid $250M development milestone in 2025,none found,https://www.sec.gov/Archives/edgar/data/14272/000001427226000004/bmy-20251231.htm | https://www.pharmexec.com/view/out-licensing-deals-chinese-pharma-global-companies-heating-up | https://bydrug.pharmcube.com/news/detail/236af1d4b3575814df74917d2d254d88,"Largest 2023 China upfront. BMS 10-K now cites up to $7.6B contingent (incl. near-term). US economics are profit share, not royalty - monetization would need profit-share or ex-US royalty structure.",2023
202312-nona-hbm9033,2023-12-15,Nona Biosciences (Harbour BioMed subsidiary),2142.HK,Pfizer,NYSE:PFE,HBM9033 (MSLN ADC),ADC,"MSLN+ solid tumors (mesothelioma, ovarian, etc.)",preclinical,global,license,,53.0,1050.0,1103.0,tiered royalties (rates undisclosed),qualitative,,unknown,none found,https://www.pearceip.law/2023/12/15/harbour-biomeds-nona-biosciences-inks-us1b-global-license-agreement-with-pfizer-for-hbm9033-adc/ | https://www.dennisgong.com/blog/chinesebiotech/ | https://bydrug.pharmcube.com/news/detail/236af1d4b3575814df74917d2d254d88,'Up to $53M upfront and near-term payments' (not split).,2023
202312-hansoh-hs20093,2023-12-20,Hansoh Pharmaceutical,3692.HK,GSK,NYSE:GSK,HS-20093 / GSK5764227 / risvutatug rezetecan (B7-H3 ADC),ADC,"ES-SCLC, osteosarcoma, prostate, other solid tumors",Ph2,ex-Greater China,license,185.0,,1525.0,1710.0,"tiered royalties on global net sales outside mainland China, HK, Macau, Taiwan (rates undisclosed)",qualitative,,"Ph3 in 2L ES-SCLC initiated 2025; FDA BTD (ES-SCLC 2024; osteosarcoma 2025), EMA PRIME, ODD",none found,https://www.gsk.com/en-gb/media/press-releases/gsk-enters-exclusive-license-agreement-with-hansoh-for-hs-20093/ | https://www.sec.gov/Archives/edgar/data/1131399/000113139926000004/gsk-20251231.htm | https://www.goodwinlaw.com/en/insights/publications/2024/03/insights-lifesciences-major-life-sciences-licensing-deal-trends,"Stage at deal: Ph1/2 in China. Top monetization candidate (Ph3, AA-rated licensee) but royalty rate not public; Hansoh is cash-rich (may not need to sell).",2023
202312-elpiscience-es019,2023-12-28,Elpiscience Biopharmaceuticals (科望医药),private,Astellas Pharma,TSE:4503,ES019 + another BiME (bispecific macrophage engager) program; BiME platform,bispecific,solid tumors,preclinical,global,license + option,37.0,,1700.0,1737.0,royalties from single-digit to double-digit % on global net sales,range,,unknown,none found,https://www.vbdata.cn/1518944750 | https://cn.elpiscience.com/new/kewangyiyaoyuansitailaijiubimepingtaijihouxuanyaowudachenghezuokaifajishouquanxukexieyi.html,$37M = upfront + option exercise fees combined; plus R&D funding. Milestones 'over $1.7B' after all options exercised.,2023
202401-medilink-yl211,2024-01-02,MediLink Therapeutics (Suzhou),private,Roche,SIX:ROG,"YL211 (c-Met ADC, TMALIN platform)",ADC,c-Met solid tumors,preclinical,global,license,50.0,,1000.0,1050.0,tiered royalties on global annual net sales (rates undisclosed),qualitative,,unknown,none found,https://biotochina.org/2024/02/02/2024-jan-%e9%9b%85%e6%b3%95%e5%85%a8%e7%90%83%e7%94%9f%e7%89%a9%e5%8c%bb%e8%8d%af%e4%ba%a4%e6%98%93%e6%9c%88%e6%8a%a5-yafo-global-biopharma-transactions-report/ | https://pdf.dfcfw.com/pdf/H3_AP202401291619251757_1.pdf,"$50M is upfront + near-term milestones combined. MediLink runs Ph1 with Roche's China Innovation Center, then Roche takes over. Total ~$1.0-1.05B per sources.",2024H1
202401-allorion-egfrl858r,2024-01-02,Allorion Therapeutics (Suzhou/China; US site in Massachusetts),private,AstraZeneca,NASDAQ:AZN / LSE:AZN,EGFR L858R allosteric inhibitor program (undisclosed code),small molecule,EGFR L858R-mutant NSCLC,preclinical,global,option,40.0,,500.0,540.0,tiered royalties on worldwide net sales (rates undisclosed),qualitative,,unknown,none found,https://biotochina.org/2024/02/02/2024-jan-%e9%9b%85%e6%b3%95%e5%85%a8%e7%90%83%e7%94%9f%e7%89%a9%e5%8c%bb%e8%8d%af%e4%ba%a4%e6%98%93%e6%9c%88%e6%8a%a5-yafo-global-biopharma-transactions-report/ | https://pdf.dfcfw.com/pdf/H3_AP202401291619251757_1.pdf,"Exclusive option + global license. Upfront described as 'up to $40M'. Allorion did a second deal the same week (Avenzo, CDK2).",2024H1
202401-jwtherapeutics-autoimmune,2024-01-02,JW Therapeutics,2126.HK,2seventy bio,NASDAQ:TSVT (acquired by BMS 2025),Autoimmune disease program (undisclosed),cell therapy,autoimmune disease,preclinical,"US, Europe, Japan",license,,,,,undisclosed,undisclosed,,unknown,none found,https://biotochina.org/2024/02/02/2024-jan-%e9%9b%85%e6%b3%95%e5%85%a8%e7%90%83%e7%94%9f%e7%89%a9%e5%8c%bb%e8%8d%af%e4%ba%a4%e6%98%93%e6%9c%88%e6%8a%a5-yafo-global-biopharma-transactions-report/,Listed by YAFO as a China out-licensing deal; terms and asset not disclosed and not independently verified.,2024H1
202401-ribo-ribogalstar-mash,2024-01-03,Ribo Life Science (Suzhou Ribo),private at deal,Boehringer Ingelheim,private,RIBO-GalSTAR siRNA platform programs for MASH (undisclosed targets),siRNA,MASH/NASH,preclinical,undisclosed (global co-development),co-dev,,,,2000.0,undisclosed,undisclosed,,unknown,none found,https://biotochina.org/2024/02/02/2024-jan-%e9%9b%85%e6%b3%95%e5%85%a8%e7%90%83%e7%94%9f%e7%89%a9%e5%8c%bb%e8%8d%af%e4%ba%a4%e6%98%93%e6%9c%88%e6%8a%a5-yafo-global-biopharma-transactions-report/ | https://pdf.dfcfw.com/pdf/H3_AP202401291619251757_1.pdf | https://www.phirda.com/artilce_34131.html,Headline >$2B; upfront not disclosed. Program-level collaboration rather than single named asset.,2024H1
202401-allorion-avzo021,2024-01-04,Allorion Therapeutics,private,Avenzo Therapeutics,"private (merging into NASDAQ:RLYB, S-4 filed 2026)",AVZO-021 (ARTS-021) selective CDK2 inhibitor + option on CDK4 program (became AVZO-023),small molecule,HR+/HER2- metastatic breast cancer; CCNE1-amplified tumors,Ph1,ex-Greater China,license,40.0,15.0,1402.5,1457.5,tiered percentage royalties from mid-single digits to low-teens on net sales in Avenzo territory (Rallybio S-4),range,,AVZO-021 Ph1 enrollment complete; in Ph1 triplet with AVZO-023 (ORION-1); CDK4 option exercised ($15M); Avenzo merging with Rallybio (S-4 Aug 2026),none found,https://www.sec.gov/Archives/edgar/data/1739410/000119312526368568/d71655ds4a.htm | https://biotochina.org/2024/02/02/2024-jan-%e9%9b%85%e6%b3%95%e5%85%a8%e7%90%83%e7%94%9f%e7%89%a9%e5%8c%bb%e8%8d%af%e4%ba%a4%e6%98%93%e6%9c%88%e6%8a%a5-yafo-global-biopharma-transactions-report/ | https://www.prnewswire.com/news-releases/avenzo-therapeutics-announces-global-license-of-avzo-021-arts-021-a-potentially-best-in-class-clinical-stage-cdk2-inhibitor-from-allorion-therapeutics-302025962.html,near_term = CDK4 option exercise fee; milestones = up to $352.5M dev/reg (of which $15M paid) + $1.05B sales across both programs. Licensee is a private/small-cap company (credit risk).,2024H1
202401-insilico-ism5043,2024-01-04,Insilico Medicine (HK-HQ),private at deal,Menarini Group / Stemline Therapeutics,private,ISM5043 (KAT6A inhibitor),small molecule,"ER+/HER2- breast cancer, other oncology",preclinical,global,license,12.0,,500.0,512.0,royalties up to double digits,qualitative,,unknown,none found,https://www.businesswire.com/news/home/20240104885375/en/Menarini-Group-and-Insilico-Medicine-Enter-Global-Exclusive-License-Agreement-for-Novel-KAT6-Inhibitor-for-Potential-Breast-Cancer-Treatment-and-Other-Oncology-Indications | https://biotochina.org/2024/02/02/2024-jan-%e9%9b%85%e6%b3%95%e5%85%a8%e7%90%83%e7%94%9f%e7%89%a9%e5%8c%bb%e8%8d%af%e4%ba%a4%e6%98%93%e6%9c%88%e6%8a%a5-yafo-global-biopharma-transactions-report/,Milestones 'over $500M'. Menarini signed a second Insilico deal in Jan 2025 (outside window).,2024H1
202401-argo-cvrnai,2024-01-07,Shanghai Argo Biopharmaceutical,private,Novartis,NYSE:NVS / SIX:NOVN,Two cardiovascular RNAi programs (Ph1 program global; Ph1/2a program ex-Greater China) + option on up to 2 more targets,siRNA,cardiovascular / dyslipidemia,Ph1,global (Ph1 program); ex-Greater China (Ph1/2a program),license,185.0,,,4165.0,tiered royalties on commercial sales (rates undisclosed),qualitative,,"unknown; Novartis expanded relationship with a third Argo deal in Sep 2025 ($160M upfront, up to $5.2B)",none found,https://biotochina.org/2024/02/02/2024-jan-%e9%9b%85%e6%b3%95%e5%85%a8%e7%90%83%e7%94%9f%e7%89%a9%e5%8c%bb%e8%8d%af%e4%ba%a4%e6%98%93%e6%9c%88%e6%8a%a5-yafo-global-biopharma-transactions-report/ | https://pdf.dfcfw.com/pdf/H3_AP202401291619251757_1.pdf | https://www.argobiopharma.com/news/153.html,Largest China out-license by upfront in H1 2024. Asset codes not disclosed in 2024 release (BW-00112/ANGPTL3 named in 2025 deal).,2024H1
202401-kanghua-kh002,2024-01-08,Chengdu Kanghua Biological Products,300841.SZ,HilleVax,"NASDAQ:HLVX (acquired by XOMA Royalty, 2025)",KH002 / HIL-216 (hexavalent norovirus VLP vaccine),other (vaccine),norovirus prevention,Ph1,ex-Greater China,license,15.0,,255.5,270.5,single-digit tiered royalty on net sales outside Greater China (HilleVax 10-Q),qualitative,,"HilleVax agreed to be acquired by XOMA Royalty (merger agreement Aug 4 2025, cash + CVR); HIL-216 development status unclear",none found,https://www.sec.gov/Archives/edgar/data/1888012/000095017025104064/hlvx-20250630.htm | https://biotochina.org/2024/02/02/2024-jan-%e9%9b%85%e6%b3%95%e5%85%a8%e7%90%83%e7%94%9f%e7%89%a9%e5%8c%bb%e8%8d%af%e4%ba%a4%e6%98%93%e6%9c%88%e6%8a%a5-yafo-global-biopharma-transactions-report/,Licensee pivoted after HIL-214 failure in 2024; now owned by a royalty aggregator — low likelihood of development.,2024H1
202401-wuxibio-biontech-abs,2024-01-11,WuXi Biologics,2269.HK,BioNTech,NASDAQ:BNTX,Two undisclosed antibodies,mAb,undisclosed,preclinical,undisclosed,license,20.0,,,,undisclosed,undisclosed,,unknown,none found,https://biotochina.org/2024/02/02/2024-jan-%e9%9b%85%e6%b3%95%e5%85%a8%e7%90%83%e7%94%9f%e7%89%a9%e5%8c%bb%e8%8d%af%e4%ba%a4%e6%98%93%e6%9c%88%e6%8a%a5-yafo-global-biopharma-transactions-report/ | https://www.phirda.com/artilce_34131.html,Small discovery-stage antibody license from a CRDMO; assets not named.,2024H1
202401-recbio-rec603,2024-01-23,Jiangsu Recbio Technology,2179.HK,SPIMACO (Saudi Pharmaceutical Industries & Medical Appliances),Tadawul:2070,REC603 (recombinant 9-valent HPV vaccine),other (vaccine),HPV infection / cervical cancer prevention,Ph3,15 Middle East & North Africa countries,license,,,,,undisclosed,undisclosed,,unknown,none found,https://biotochina.org/2024/02/02/2024-jan-%e9%9b%85%e6%b3%95%e5%85%a8%e7%90%83%e7%94%9f%e7%89%a9%e5%8c%bb%e8%8d%af%e4%ba%a4%e6%98%93%e6%9c%88%e6%8a%a5-yafo-global-biopharma-transactions-report/ | https://www.phirda.com/artilce_34131.html,Regional license; financial terms undisclosed.,2024H1
202401-alphamab-envafolimab-glenmark,2024-01-25,Jiangsu Alphamab Biopharmaceuticals (Alphamab Oncology) & 3D Medicines,9966.HK / 1244.HK,Glenmark Specialty,NSE:GLENMARK,"Envafolimab (KN035, subcutaneous PD-L1)",mAb,MSI-H/dMMR solid tumors,approved,"India, Asia Pacific (ex-Singapore/Thailand/Malaysia), Middle East, Africa, Russia, CIS, Latin America",license,,,,701.0,royalty of single- to double-digit percentage depending on net sales level,range,,unknown,none found,https://biotochina.org/2024/02/02/2024-jan-%e9%9b%85%e6%b3%95%e5%85%a8%e7%90%83%e7%94%9f%e7%89%a9%e5%8c%bb%e8%8d%af%e4%ba%a4%e6%98%93%e6%9c%88%e6%8a%a5-yafo-global-biopharma-transactions-report/ | https://biotochina.org/2024/01/29/vol-4-2024-yafo-weekly-global-wrap-up-report-%e9%9b%85%e6%b3%95%e5%85%a8%e7%90%83%e7%94%9f%e7%89%a9%e5%8c%bb%e8%8d%af%e4%ba%a4%e6%98%93%e5%91%a8%e6%8a%a5/,'Low double-digit million USD' payable up to launch + triple-digit million sales milestones. Approved in China only; emerging-markets licensee. Split between Alphamab and 3D Medicines per their own agreement.,2024H1
202403-haihe-gumarontinib,2024-03-01,Haihe Biopharma,private,Taiho Pharmaceutical (Otsuka group),private (Otsuka Holdings TSE:4578),"Gumarontinib (SCC244, MET inhibitor)",small molecule,METex14-skipping NSCLC,approved,"Japan, Asia (ex-China), Oceania",license,,,,,royalties on Taiho sales (rates undisclosed),qualitative,,approved China (Mar 2023); Japan NDA filed Sep 2023 by Haihe — Japanese approval status not verified,none found,https://biotochina.org/2024/03/12/vol-8-2024-yafo-weekly-global-wrap-up-report-%e9%9b%85%e6%b3%95%e5%85%a8%e7%90%83%e7%94%9f%e7%89%a9%e5%8c%bb%e8%8d%af%e4%ba%a4%e6%98%93%e5%91%a8%e6%8a%a5/ | https://biotochina.org/2024/04/02/yafo-global-biopharma-transactions-report-2024-mar-%e9%9b%85%e6%b3%95%e5%85%a8%e7%90%83%e7%94%9f%e7%89%a9%e5%8c%bb%e8%8d%af%e4%ba%a4%e6%98%93%e6%9c%88%e6%8a%a5-yafo-global-biopharma-transactions-repor/ | https://www.phirda.com/artilce_34624.html,"Upfront, development and sales milestones undisclosed. Credit-worthy licensee; approved asset.",2024H1
202403-biothera-golimumab-mepolizumab-latam,2024-03-18,Bio-Thera Solutions,688177.SH,SteinCares,private,BAT2506 (golimumab biosimilar) and BAT2606 (mepolizumab biosimilar),mAb,biosimilars (immunology/respiratory),Ph3,Latin America,license,1.2,,,6.0,undisclosed,undisclosed,,unknown,none found,https://biotochina.org/2024/04/02/yafo-global-biopharma-transactions-report-2024-mar-%e9%9b%85%e6%b3%95%e5%85%a8%e7%90%83%e7%94%9f%e7%89%a9%e5%8c%bb%e8%8d%af%e4%ba%a4%e6%98%93%e6%9c%88%e6%8a%a5-yafo-global-biopharma-transactions-repor/ | https://www.phirda.com/artilce_34624.html,Small biosimilar commercialization license.,2024H1
202403-anheart-taletrectinib,2024-03-25,AnHeart Therapeutics (Hangzhou/New York),private,Nuvation Bio,NYSE:NUVB,Taletrectinib (ROS1 TKI) + safusidenib,small molecule,ROS1+ NSCLC; IDH1-mutant glioma,filed,global (company acquisition),"acquisition (company M&A, all-stock; not a license)",,,,,n/a (M&A); taletrectinib originally in-licensed by AnHeart from Daiichi Sankyo,undisclosed,,"approved US (IBTROZI, Jun 11 2025), Japan and China (Innovent markets in China as DOVBLERON)",none found,https://www.sec.gov/Archives/edgar/data/1811063/000119312526085584/nuvb-20251231.htm | https://www.phirda.com/artilce_34624.html,Included for completeness as a China-founded company sale; AnHeart holders got ~1/3 of combined company. No royalty stream to a Chinese licensor.,2024H1
202404-profoundbio-rinas,2024-04-03,ProfoundBio (Suzhou/Seattle),private,Genmab,NASDAQ:GMAB,"Rinatabart sesutecan (Rina-S, FRα ADC) + ADC pipeline",ADC,"platinum-resistant ovarian cancer, endometrial cancer",Ph2,global (company acquisition),"acquisition (company M&A, $1.8B cash; not a license)",1800.0,,,1800.0,n/a (M&A),undisclosed,,"three Ph3 trials (PROC, endometrial, PSOC); FDA Breakthrough Therapy (endometrial) 2025",none found,https://www.sec.gov/Archives/edgar/data/1434265/000143426526000014/gmab-20251231.htm | https://bydrug.pharmcube.com/news/detail/8c29af1e1ed242e1143297d4a151fec0,"M&A, no royalty; included for completeness.",2024H1
202405-sciwind-ecnoglutide-korea,2024-05-07,Sciwind Biosciences,private,HK inno.N Corporation,KOSDAQ:195940,"Ecnoglutide (XW003, GLP-1 analog)",GLP-1 peptide,"T2D, obesity, MASH",Ph3,South Korea,license,,,,56.0,double-digit royalties on Korean net sales,qualitative,,unknown,none found,https://biotochina.org/2024/06/04/2024-may-%e9%9b%85%e6%b3%95%e5%85%a8%e7%90%83%e7%94%9f%e7%89%a9%e5%8c%bb%e8%8d%af%e4%ba%a4%e6%98%93%e6%9c%88%e6%8a%a5-yafo-global-biopharma-transactions-report/ | https://bydrug.pharmcube.com/news/detail/6dd9e77bcf5db7394a6f9fc238fa00e2,"Initial payment + milestones total up to $56M. Single-country license; global ex-China rights later went to Verdiva (Jan 2025, outside window).",2024H1
202405-joyo-eras0015,2024-05-16,Guangzhou Joyo Pharmatech,private,Erasca,NASDAQ:ERAS,"ERAS-0015 (JYP0015, pan-RAS molecular glue)",small molecule,RAS-mutant solid tumors,preclinical,ex-mainland China/HK/Macau (worldwide after Mar 2026 option exercise),license,12.5,,176.5,189.0,"tiered royalties in low- to mid-single-digit percentages, subject to reductions",range,,Ph1 AURORAS-1 (US) and Joyo Ph1/2 in China; Erasca paid $150M in Mar 2026 to add China territory,none found,https://www.sec.gov/Archives/edgar/data/1761918/000119312526104150/eras-20251231.htm | https://biotochina.org/2024/06/04/2024-may-%e9%9b%85%e6%b3%95%e5%85%a8%e7%90%83%e7%94%9f%e7%89%a9%e5%8c%bb%e8%8d%af%e4%ba%a4%e6%98%93%e6%9c%88%e6%8a%a5-yafo-global-biopharma-transactions-report/,Dev/reg milestones $51.5M (to $57.5M after option) + $125M commercial. $150M China option exercise payment is additional consideration to Joyo.,2024H1
202405-medshine-eras4001,2024-05-16,Medshine Discovery (reported by YAFO as WuXi AppTec),private,Erasca,NASDAQ:ERAS,ERAS-4001 (pan-KRAS inhibitor),small molecule,KRAS-mutant solid tumors,preclinical,global,license,10.0,,160.0,170.0,"low-single-digit percentage royalty on net sales, subject to reductions",qualitative,,Ph1 BOREALIS-1 (IND cleared May 2025; data 2H26),none found,https://www.sec.gov/Archives/edgar/data/1761918/000119312526104150/eras-20251231.htm | https://biotochina.org/2024/06/04/2024-may-%e9%9b%85%e6%b3%95%e5%85%a8%e7%90%83%e7%94%9f%e7%89%a9%e5%8c%bb%e8%8d%af%e4%ba%a4%e6%98%93%e6%9c%88%e6%8a%a5-yafo-global-biopharma-transactions-report/,Dev/reg $30M + commercial $130M.,2024H1
202405-hengrui-glp1-kailera,2024-05-16,Jiangsu Hengrui Pharmaceuticals,600276.SH / 1276.HK,"Kailera Therapeutics (formerly Hercules CM NewCo; Bain, RTW, Atlas, Lyra)",NASDAQ:KLRA (IPO 2026),"HRS9531 (ribupatide, GLP-1/GIP; injectable + oral), HRS-7535 (oral small-molecule GLP-1), HRS-4729",GLP-1 peptide,"obesity, T2D",Ph2,ex-Greater China,NewCo,100.0,10.0,5900.0,6010.0,tiered royalties from mid-single digit to low-tens percent of net sales (Kailera 10-Q),range,"19.9% (Series A-2 preferred, fully diluted at issuance)",ribupatide injection in global Ph3 (started Dec 2025/Jan 2026); oral global Ph3 planned 1H27; Hengrui China Ph3 T2D positive 2026,none found,https://www.sec.gov/Archives/edgar/data/2096997/000119312526346958/ck0002096997-20260630.htm | https://biotochina.org/2024/06/04/2024-may-%e9%9b%85%e6%b3%95%e5%85%a8%e7%90%83%e7%94%9f%e7%89%a9%e5%8c%bb%e8%8d%af%e4%ba%a4%e6%98%93%e6%9c%88%e6%8a%a5-yafo-global-biopharma-transactions-report/,"Milestones = $200M clinical/regulatory + $5.7B commercial. near_term = $10M tech-transfer fee. Option fees for new forms/combos (mid-7 to low-8 figures). Kailera holds ~$1.17B cash (Jun 2026). Headline ~$6.0B (YAFO $6,035M).",2024H1
202405-harbour-nona-az-mab,2024-05-23,Harbour BioMed (via Nona Biosciences),2142.HK,AstraZeneca,NASDAQ:AZN / LSE:AZN,Preclinical monoclonal antibodies for tumor-targeted therapies (undisclosed) + option programs,mAb,oncology,preclinical,global,option,19.0,10.0,575.0,604.0,tiered royalties on net sales (rates undisclosed),qualitative,,unknown,none found,https://biotochina.org/2024/06/04/2024-may-%e9%9b%85%e6%b3%95%e5%85%a8%e7%90%83%e7%94%9f%e7%89%a9%e5%8c%bb%e8%8d%af%e4%ba%a4%e6%98%93%e6%9c%88%e6%8a%a5-yafo-global-biopharma-transactions-report/ | https://bydrug.pharmcube.com/news/detail/6dd9e77bcf5db7394a6f9fc238fa00e2,"Not the Mar 2025 Harbour-AZ multispecific deal ($175M upfront + $105M equity), which is outside this window.",2024H1
202405-degron-takeda-glue,2024-05-23,Degron Therapeutics (Shanghai),private,Takeda,NYSE:TAK / TSE:4502,Molecular glue degraders for Takeda-selected targets (GlueXplorer platform; no named asset),small molecule,undisclosed,preclinical,undisclosed (global presumed),co-dev (platform/discovery; no named asset),,,,1200.0,graduated (tiered) royalties on product sales,qualitative,,unknown,none found,https://biotochina.org/2024/06/04/2024-may-%e9%9b%85%e6%b3%95%e5%85%a8%e7%90%83%e7%94%9f%e7%89%a9%e5%8c%bb%e8%8d%af%e4%ba%a4%e6%98%93%e6%9c%88%e6%8a%a5-yafo-global-biopharma-transactions-report/ | https://bydrug.pharmcube.com/news/detail/6dd9e77bcf5db7394a6f9fc238fa00e2,Platform deal without named asset — kept for completeness; Takeda also to make equity investment.,2024H1
202405-cstone-sugemalimab-cee,2024-05-27,CStone Pharmaceuticals,2616.HK,Ewopharma,private,"Sugemalimab (PD-L1, Cejemly)",mAb,NSCLC and other oncology,approved,Switzerland + 18 Central & Eastern European countries,license,,,,51.3,no royalty disclosed; CStone earns product supply revenue,undisclosed,,approved China; EU MAA was under review at signing (EU approval reported later in 2024 — not re-verified here),none found,https://biotochina.org/2024/06/04/2024-may-%e9%9b%85%e6%b3%95%e5%85%a8%e7%90%83%e7%94%9f%e7%89%a9%e5%8c%bb%e8%8d%af%e4%ba%a4%e6%98%93%e6%9c%88%e6%8a%a5-yafo-global-biopharma-transactions-report/ | https://bydrug.pharmcube.com/news/detail/6dd9e77bcf5db7394a6f9fc238fa00e2,Sources describe 'upfront payment of up to $51.3M' plus regulatory/sales milestones — split ambiguous; recorded as total. Commercial partnership with supply economics.,2024H1
202405-medilink-biontech-tmalin,2024-05-27,MediLink Therapeutics,private,BioNTech,NASDAQ:BNTX,TMALIN ADC platform — option on worldwide license for multiple BioNTech-selected targets (no named asset),ADC,solid tumors,preclinical,global,option (platform/multi-target),25.0,,,1825.0,tiered royalties on future global annual net sales,qualitative,,unknown,none found,https://biotochina.org/2024/06/04/2024-may-%e9%9b%85%e6%b3%95%e5%85%a8%e7%90%83%e7%94%9f%e7%89%a9%e5%8c%bb%e8%8d%af%e4%ba%a4%e6%98%93%e6%9c%88%e6%8a%a5-yafo-global-biopharma-transactions-report/ | https://bydrug.pharmcube.com/news/detail/6dd9e77bcf5db7394a6f9fc238fa00e2,Multi-target platform deal; ROFN for MediLink on China rights. Headline ~$1.8B.,2024H1
202405-biothera-bat2506-stada,2024-05-28,Bio-Thera Solutions,688177.SH,STADA Arzneimittel,private,BAT2506 (golimumab biosimilar),mAb,"biosimilar to Simponi (RA, PsA, AS, UC)",Ph3,"EU, UK, Switzerland and selected other countries",license,10.0,,147.5,157.5,undisclosed,undisclosed,,unknown,none found,https://biotochina.org/2024/06/04/2024-may-%e9%9b%85%e6%b3%95%e5%85%a8%e7%90%83%e7%94%9f%e7%89%a9%e5%8c%bb%e8%8d%af%e4%ba%a4%e6%98%93%e6%9c%88%e6%8a%a5-yafo-global-biopharma-transactions-report/ | https://bydrug.pharmcube.com/news/detail/6dd9e77bcf5db7394a6f9fc238fa00e2,"Bio-Thera keeps development, manufacturing and supply.",2024H1
202406-akeso-ivonescimab-summit-amend,2024-06-03,Akeso,9926.HK,Summit Therapeutics,NASDAQ:SMMT,"Ivonescimab (SMT112/AK112, PD-1xVEGF bispecific)",bispecific,NSCLC and other solid tumors,approved,"territory expansion: Latin America, Middle East, Africa (adds to US/Canada/Europe/Japan from Dec 2022 deal)",license (amendment / territory expansion),15.0,,55.0,70.0,low-double-digit percentage royalty on annual revenues in licensed territory (original agreement terms apply),qualitative,,"US BLA (EGFRm NSCLC post-TKI, HARMONi) accepted Jan 2026, PDUFA Nov 14 2026; approved in China",none found,https://www.sec.gov/Archives/edgar/data/1599298/000159929826000015/smmt-20251231.htm | https://biotochina.org/2024/07/02/2024-june-%e9%9b%85%e6%b3%95%e5%85%a8%e7%90%83%e7%94%9f%e7%89%a9%e5%8c%bb%e8%8d%af%e4%ba%a4%e6%98%93%e6%9c%88%e6%8a%a5-yafo-global-biopharma-transactions-report/,Second amendment to the Dec 2022 Akeso–Summit license. Royalty stream on ivonescimab is a major future cash flow for Akeso; no sale found.,2024H1
202406-alphamab-arrivent-adc,2024-06-06,Jiangsu Alphamab Biopharmaceuticals (Alphamab Oncology),9966.HK,ArriVent BioPharma,NASDAQ:AVBP,Novel ADCs from Alphamab linker-payload/glycan-conjugation platform (no named asset),ADC,oncology,preclinical,ex-Greater China,co-dev (research collaboration + license; multi-target),,,,615.5,tiered royalties from low-single digit to mid-single digit % per ADC product,range,,unknown,none found,https://www.sec.gov/Archives/edgar/data/1868279/000110465926024127/avbp-20251231x10k.htm | https://biotochina.org/2024/07/02/2024-june-%e9%9b%85%e6%b3%95%e5%85%a8%e7%90%83%e7%94%9f%e7%89%a9%e5%8c%bb%e8%8d%af%e4%ba%a4%e6%98%93%e6%9c%88%e6%8a%a5-yafo-global-biopharma-transactions-report/,"Agreement dated Jun 4 2024. $201.5M upfront + dev/reg milestones combined, $414M commercial; upfront not separately disclosed.",2024H1
202406-futuregen-fgm701,2024-06-13,FutureGen Biopharmaceutical (Beijing),private,AbbVie,NYSE:ABBV,FG-M701 (next-gen TL1A mAb),mAb,inflammatory bowel disease,preclinical,global,license,150.0,,1560.0,1710.0,tiered royalties up to low-double digits on net sales,qualitative,,unknown,none found,https://biotochina.org/2024/07/02/2024-june-%e9%9b%85%e6%b3%95%e5%85%a8%e7%90%83%e7%94%9f%e7%89%a9%e5%8c%bb%e8%8d%af%e4%ba%a4%e6%98%93%e6%9c%88%e6%8a%a5-yafo-global-biopharma-transactions-report/ | https://biotochina.org/2024/06/18/vol-18-2024-yafo-weekly-global-wrap-up-report-%e9%9b%85%e6%b3%95%e5%85%a8%e7%90%83%e7%94%9f%e7%89%a9%e5%8c%bb%e8%8d%af%e4%ba%a4%e6%98%93%e5%91%a8%e6%8a%a5/,$150M = upfront + near-term milestones combined. Largest H1 2024 China upfront after Argo. Status of AbbVie program not verified.,2024H1
202406-ascentage-olverembatinib-takeda,2024-06-14,Ascentage Pharma,6855.HK / NASDAQ:AAPG,Takeda,NYSE:TAK / TSE:4502,"Olverembatinib (HQP1351, 3rd-gen BCR-ABL TKI)",small molecule,"CML (incl. T315I), Ph+ ALL, other heme cancers",approved,worldwide ex-PRC/HK/Macau/Taiwan/Russia (if option exercised),option,100.0,75.0,1200.0,1300.0,"royalties in a range of 12-19% of net sales (Ascentage 20-F, per SEC comment requiring range)",range,,approved China; global registrational Ph3 (POLARIS program) run by Ascentage; Takeda option NOT yet exercised as of Aug 2026 interim report,none found,https://www.sec.gov/Archives/edgar/data/2023311/000121390026049412/ea0285148-20f_ascentage.htm | https://www.sec.gov/Archives/edgar/data/2023311/000121390026091901/ea030281501ex99-2.htm | https://biotochina.org/2024/07/02/2024-june-%e9%9b%85%e6%b3%95%e5%85%a8%e7%90%83%e7%94%9f%e7%89%a9%e5%8c%bb%e8%8d%af%e4%ba%a4%e6%98%93%e6%9c%88%e6%8a%a5-yafo-global-biopharma-transactions-report/ | https://biotochina.org/2024/06/18/vol-18-2024-yafo-weekly-global-wrap-up-report-%e9%9b%85%e6%b3%95%e5%85%a8%e7%90%83%e7%94%9f%e7%89%a9%e5%8c%bb%e8%8d%af%e4%ba%a4%e6%98%93%e5%91%a8%e6%8a%a5/,upfront = $100M option payment; near_term = $75M Takeda equity at HK$24.10/sh; milestones ~$1.2B include option-exercise fee. Option risk: Takeda may never exercise.,2024H1
202406-mabcare-day301,2024-06-18,MabCare Therapeutics (Shanghai),private,Day One Biopharmaceuticals,NASDAQ:DAWN,"MTX-13 / DAY301 (PTK7 ADC, TOP1 payload)",ADC,PTK7+ solid tumors (adult and pediatric),preclinical,ex-Greater China,license,55.0,20.0,1152.0,1207.0,low-to-mid single-digit royalties on net sales outside Greater China,range,,Ph1 (DAY301); Day One cut DAY301 clinical/manufacturing spend in 2025,none found,https://www.sec.gov/Archives/edgar/data/1845337/000119312526066956/dawn-20251231.htm | https://biotochina.org/2024/07/02/2024-june-%e9%9b%85%e6%b3%95%e5%85%a8%e7%90%83%e7%94%9f%e7%89%a9%e5%8c%bb%e8%8d%af%e4%ba%a4%e6%98%93%e6%9c%88%e6%8a%a5-yafo-global-biopharma-transactions-report/,"Agreement dated Jun 17 2024 (announced Jun 18). $20M milestone paid in 2024; $1,132M milestones remained at end-2025.",2024H1
202407-keymed-cm512cm536,2024-07-09,Keymed Biosciences (康诺亚),2162.HK,Belenos Biosciences (OrbiMed-backed NewCo),private,CM512 (TSLP x IL-13 bispecific; BEL512) and CM536 (OX40L x IL-13 bispecific; BEL536),bispecific,"Atopic/respiratory inflammatory diseases (asthma, CRSwNP, AD)",Ph1 (CM512) / preclinical (CM536),ex-Greater China,NewCo,15.0,,170.0,185.0,royalties on net sales (rates undisclosed),qualitative,Keymed (via iBridge HK) holds 30.01% of Belenos,BEL512 first clinical data Nov 2025; BEL536 Ph1 to start 1Q2026; Keymed reports CM512 met all endpoints in China Ph2 CRSwNP (H1 2026 report),none found,https://www.cliffordchance.com/news/news/2024/08/clifford-chance-advises-keymed-biosciences-inc--on-out-licensing.html | https://www.meritsandtree.com/Content/2025/01-27/1635166043.html | https://news.qq.com/rain/a/20241118A03WQC00 | https://www.biospace.com/press-releases/belenos-pipeline-updates-first-clinical-data-from-lead-asset-bel512-a-long-lasting-bispecific-targeting-tslp-and-il-13-second-asset-bel536-a-first-in-class-long-acting-bispecific-targeting-ox40l-and-il-13-phase-1-to-start-1q2026,Upfront $15M / milestones $170M per PharmCube/Merits&Tree NewCo roundups; OrbiMed-formed NewCo. Small private licensee.,2024H2
202407-foreseen-fs001,2024-07-11,Foreseen Biotechnology (昱言科技),private,Ipsen,IPN.PA,"FS001 (first-in-class ADC, undisclosed target)",ADC,Solid tumors,preclinical,global,license,,,,1030.0,tiered royalties on global sales (rates undisclosed),qualitative,,unknown (Ipsen to file IND),none found,https://www.ipsen.com/press-release/ipsen-and-foreseen-biotechnology-announce-exclusive-global-licensing-agreement-for-antibody-drug-conjugate-with-first-in-class-potential-2911523/ | https://bydrug.pharmcube.com/news/detail/b0e5da0da69f5ba8988f3a03907bae20,Up to $1.03B incl. upfront; upfront not separately disclosed.,2024H2
202407-fulllife-fl091,2024-07-17,Full-Life Technologies (辐联科技),private,SK Biopharmaceuticals,326030.KS,FL-091 / SKL35501 (Ac-225 NTSR1-targeted small-molecule radioconjugate),other (radiopharmaceutical),"NTSR1+ solid tumors (colorectal, prostate, pancreatic)",preclinical,global,license,,,,571.5,undisclosed,undisclosed,,"Ph1 targeted end-2025 (per SK, Aug 2024); current status unknown",none found,https://bydrug.pharmcube.com/news/detail/b0e5da0da69f5ba8988f3a03907bae20 | https://www.koreabiomed.com/news/articleView.html?idxno=25009,Full-Life is Shanghai-founded with Belgian ops; included as China-founded licensor. Upfront undisclosed; total up to ~$571.5M.,2024H2
202407-biocytogen-ide034,2024-07-31,Biocytogen (百奥赛图),2315.HK,IDEAYA Biosciences,NASDAQ:IDYA,IDE034 (B7H3 x PTK7 bispecific TOP1 ADC),ADC,"Solid tumors (lung, CRC, H&N)",preclinical,global,option,,6.5,,406.5,single-digit royalties on net sales,range,,Option exercised; FDA IND Q4 2025; Ph1 first patient dosed Feb 2026 (triggered $5M milestone),none found,https://www.prnewswire.com/news-releases/ideaya-biosciences-announces-option-and-license-agreement-for-potential-first-in-class-b7h3ptk7-topo-i-payload-bispecific-adc-program-with-biocytogen-302210790.html | https://www.sec.gov/Archives/edgar/data/1676725/000119312526054533/idya-20251231.htm,Upfront + option exercise fees up to $6.5M (IDEAYA 10-Q); dev/reg milestones $100M; total up to $406.5M.,2024H2
202408-immuneonco-imm2510,2024-08-01,ImmuneOnco Biopharmaceuticals (宜明昂科),1541.HK,Instil Bio (via SynBioTx / Axion Bio),NASDAQ:TIL,IMM2510/SYN-2510/AXN-2510 (PD-L1 x VEGF bispecific) and IMM27M (CTLA-4 mAb),bispecific,Solid tumors (NSCLC etc.),Ph1,ex-Greater China,license,10.0,40.0,2100.0,2150.0,single-digit to low double-digit percentage royalties on global net sales outside Greater China,range,,TERMINATED Jan 2026 - Instil discontinued AXN-2510 and returned both assets to ImmuneOnco ($10M IND milestone paid in 2025),none found,https://www.sec.gov/Archives/edgar/data/1789769/000178976924000103/til-20240930.htm | https://www.sec.gov/Archives/edgar/data/1789769/000178976926000019/til-20251231.htm | https://bydrug.pharmcube.com/news/detail/ccd73eb9e20a287e6f4228d4d0c07924,Near-term = $5M prepaid dev costs + up to $35M near-term payments. Milestones incl. $270M dev/reg + $1.8B commercial. Small-cap licensee; deal terminated.,2024H2
202408-genor-gb261,2024-08-05,Genor Biopharma (嘉和生物),6998.HK,"TRC 2004, Inc. (Two River/Third Rock NewCo; acquired by Candid Therapeutics Sept 2024)",private,GB261 / CND261 (CD20 x CD3 TCE),TCE,B-NHL initially; Candid pursuing autoimmune,Ph1/2,ex-Greater China,NewCo,,,443.0,,royalties single-digit to double-digit % (PharmCube),range,undisclosed equity in TRC 2004 (rolled into Candid),Candid (holder) agreed to be acquired by UCB for up to $2.2B (May 2026); CND261 clinical-stage,none found,https://bydrug.pharmcube.com/news/detail/ccd73eb9e20a287e6f4228d4d0c07924 | https://www.biospace.com/business/candid-debuts-with-370m-targets-leadership-in-t-cell-engager-space,Upfront 'tens of millions USD' plus equity; total ~$500M. Genor later reverse-merged with Edding (2025).,2024H2
202408-cloudbreak-cbt001,2024-08-06,Cloudbreak Pharma (拨康视云),private,Santen Pharmaceutical,4536.T,CBT-001 (nintedanib emulsion eye drops),small molecule,Pterygium,Ph3,Southeast Asia,license,,,,,undisclosed,undisclosed,,unknown,none found,https://bydrug.pharmcube.com/news/detail/ccd73eb9e20a287e6f4228d4d0c07924,Regional (SE Asia) commercial license; terms undisclosed. Minor.,2024H2
202408-mabwell-denosumabbs,2024-08-06,Mabwell Bioscience (迈威生物),688062.SH,Cristália,private,"9MW0311 / 9MW0321 (denosumab biosimilars, Prolia/Xgeva)",mAb (biosimilar),Osteoporosis / bone metastases,approved (China),Brazil,license,,,,,undisclosed,undisclosed,,unknown,none found,https://bydrug.pharmcube.com/news/detail/ccd73eb9e20a287e6f4228d4d0c07924,Regional biosimilar license; terms undisclosed. Minor.,2024H2
202408-curon-cn201,2024-08-09,Curon Biopharmaceutical (同润生物),private,Merck & Co. (MSD),NYSE:MRK,CN201 / MK-1045 (CD3 x CD19 bispecific TCE),TCE,B-cell malignancies; B-cell-mediated autoimmune disease,Ph1,global,asset sale,700.0,,600.0,1300.0,none disclosed (asset acquisition),undisclosed,,Clinical (MK-1045); Merck hematology data at ASH 2025; autoimmune development ongoing,none found,https://www.biopharmadive.com/news/merck-curon-bispecific-cancer-autoimmune-drug-deal/723811/ | https://bydrug.pharmcube.com/news/detail/ccd73eb9e20a287e6f4228d4d0c07924,Structured as acquisition of the asset; no royalty stream likely.,2024H2
202408-buchang-bc001,2024-08-16,Buchang Pharma (步长制药),603858.SH,LANCET (EAEU partner),private,"BC001 (injectable, gastric/GEJ adenocarcinoma)",other,Advanced gastric / GEJ adenocarcinoma,unknown,Eurasian Economic Union,license,,,,,undisclosed,undisclosed,,unknown,none found,https://bydrug.pharmcube.com/news/detail/ccd73eb9e20a287e6f4228d4d0c07924,Regional license; terms undisclosed. Minor; asset modality not confirmed.,2024H2
202408-biothera-bat2306,2024-08-16,Bio-Thera Solutions (百奥泰),688177.SH,Pharmapark,private,BAT2306 (secukinumab biosimilar),mAb (biosimilar),Autoimmune (psoriasis etc.),Ph3,Russia & CIS,license,,,,,undisclosed,undisclosed,,unknown,none found,https://bydrug.pharmcube.com/news/detail/ccd73eb9e20a287e6f4228d4d0c07924,Regional biosimilar license. Minor.,2024H2
202408-multitude-adcet02,2024-08-20,Multitude Therapeutics (普众发现),private,Adcendo ApS,private,ADCE-T02 (tissue factor-targeted TOP1 ADC),ADC,Solid tumors,preclinical,ex-Greater China,license,,,,1000.0,single-digit to low double-digit tiered royalties on future product sales,range,,Ph1 planned Q4 2024 (AU/US/EU); Adcendo raised $75M (Apr 2026) to fund three ADC studies,none found,https://european-biotechnology.com/latest-news/adcendo-broadens-adc-pipeline-in-us1bn-biobucks-deal/ | https://bydrug.pharmcube.com/news/detail/ccd73eb9e20a287e6f4228d4d0c07924,Upfront 'tens of millions USD' (PharmCube); total >$1B. Private Danish licensee.,2024H2
202408-kelun-skb571,2024-08-20,Sichuan Kelun-Biotech (科伦博泰),6990.HK,Merck & Co. (MSD),NYSE:MRK,SKB571 (novel bispecific ADC),ADC,"Solid tumors (lung, GI)",preclinical,ex-Greater China (Merck rights),license,37.5,,,,royalties per 2022 Kelun-Merck ADC framework (rates undisclosed),qualitative,,China IND approved Nov 2024; listed in Kelun 2026 interim pipeline as clinical-stage bsADC,none found,https://bydrug.pharmcube.com/news/detail/ccd73eb9e20a287e6f4228d4d0c07924 | https://www.prnewswire.com/news-releases/kelun-biotech-announces-2026-interim-results-302852801.html,Merck exercised/obtained SKB571 under existing Kelun collaboration while returning another ADC; $37.5M upfront.,2024H2
202409-epimab-emb06,2024-09-03,EpimAb Biotherapeutics (岸迈生物),private,Vignette Bio (NewCo; acquired by Candid Therapeutics Sept 2024),private,EMB-06 / CND106 (BCMA x CD3 TCE),TCE,Autoimmune diseases (ex-myeloma),Ph1,ex-Greater China,NewCo,60.0,,575.0,635.0,royalties on net sales (rates undisclosed),qualitative,undisclosed ($60M upfront in cash and equity),Candid agreed to be acquired by UCB for up to $2.2B (May 2026); CND106 clinical-stage,none found,https://www.globenewswire.com/news-release/2024/09/04/2940171/0/en/epimab-biotherapeutics-and-vignette-bio-announce-strategic-collaboration-to-develop-emb-06-a-bcma-cd3-bispecific-antibody.html | https://www.biospace.com/business/candid-debuts-with-370m-targets-leadership-in-t-cell-engager-space | https://news.qq.com/rain/a/20241118A03WQC00,Upfront $60M is cash + equity combined.,2024H2
202409-regor-cdk,2024-09-30,Regor Therapeutics Group (锐格医药),private,Genentech (Roche),SIX:ROG,RGT-419B and next-gen CDK inhibitor portfolio (CDK2/4/6 family),small molecule,HR+/HER2- breast cancer,Ph1,global,asset sale,850.0,,,,undisclosed (asset acquisition; milestones undisclosed),undisclosed,,unknown (Genentech assumed development),none found,https://pharmaphorum.com/news/genentech-buys-regors-next-gen-cdk-inhibitors-850m | https://bydrug.pharmcube.com/news/detail/54c7d1be59ee87b7f918b76c345c61b6,Regor is China-founded (Shanghai R&D) but HQ'd in Cambridge MA; PharmCube counts it as China's largest 2024 out-licensing upfront. Metabolic/autoimmune assets excluded.,2024H2
202410-cspc-ys2302018,2024-10-07,CSPC Pharmaceutical Group (石药集团),1093.HK,AstraZeneca,LSE:AZN,YS2302018 (oral small-molecule Lp(a) inhibitor),small molecule,Dyslipidemia / elevated Lp(a),preclinical,global,license,100.0,,1920.0,2020.0,tiered royalties (rates undisclosed),qualitative,,unknown,none found,https://www.pharmexec.com/view/astrazeneca-cspc-pharmaceutical-group-exclusive-licensing-agreement-develop-lipid-lowering-therapy | https://www.phirda.com/artilce_36920.html?module=trackingCodeGenerator,,2024H2
202410-biothera-bat2206,2024-10-09,Bio-Thera Solutions (百奥泰),688177.SH,Gedeon Richter,BUD:RICHTER,BAT2206 (ustekinumab biosimilar; USYMRO),mAb (biosimilar),Psoriasis / IBD (Stelara indications),filed,"EU, UK, Switzerland and selected countries",license,8.5,,101.5,110.0,undisclosed (Bio-Thera supplies product; commercialization economics not disclosed),undisclosed,,Approved EU (CHMP positive Jun 2025); launched in Europe Mar 2026,none found,https://www.prnewswire.com/news-releases/bio-thera-and-richter-execute-exclusive-commercialization-agreement-for-bat2206-a-proposed-stelara-biosimilar-for-eu-countries-uk-switzerland-and-other-selected-countries-302271432.html | https://www.pearceip.law/2026/03/30/bio-thera-gedeon-richters-biosimilar-ustekinumab-launched-in-europe/,Commercialization/supply deal; only approved asset in this window.,2024H2
202410-baiyu-undisclosed,2024-10-16,Chengdu Baiyu Pharmaceutical (百裕制药),private,Novartis,SIX:NOVN,Undisclosed small-molecule antitumor candidate,small molecule,Oncology,preclinical,global,license,70.0,,1100.0,1170.0,royalties (rates undisclosed),qualitative,,unknown,none found,http://sc.people.com.cn/n2/2024/1017/c345509-41011564.html | https://www.phirda.com/artilce_36920.html?module=trackingCodeGenerator,Asset not disclosed.,2024H2
202410-chimagen-cmg1a46,2024-10-29,Chimagen Biosciences (恩沐生物),private,GSK,LSE:GSK,CMG1A46 (CD19 x CD20 x CD3 trispecific TCE),TCE,SLE / lupus nephritis (B-cell autoimmune),Ph1,global,asset sale,300.0,,550.0,850.0,none disclosed (asset acquisition),undisclosed,,unknown (GSK planned lupus Ph1 in 2025); GSK acquired a second Chimagen TCE (myeloma) Sep 2026,none found,https://www.gsk.com/en-gb/media/press-releases/gsk-enters-agreement-to-acquire-cmg1a46-from-chimagen-biosciences/ | https://www.phirda.com/artilce_36920.html?module=trackingCodeGenerator,,2024H2
202411-leads-lbl051,2024-11-07,Leads Biolabs (维立志博),9887.HK,Oblenio Bio (Aditum Bio NewCo),private,LBL-051 (CD19 x BCMA x CD3 trispecific TCE),TCE,B-cell autoimmune diseases,preclinical,ex-Greater China,NewCo,35.0,,579.0,614.0,sales royalties (rates undisclosed),qualitative,Leads holds an undisclosed equity stake in Oblenio,Ph1a first patients dosed (Aug 2026); Oblenio raised $62M Series B with Pfizer participation (Jun 2026),none found,https://www.meritsandtree.com/Content/2025/01-27/1635166043.html | https://www.fiercebiotech.com/biotech/vc-firm-aditum-bio-hatches-autoimmune-focused-oblenio-bio-help-chinese-biotech,Upfront $35M / milestones $579M per Merits&Tree NewCo roundup.,2024H2
202411-hec-hec88473,2024-11-12,HEC Pharm / Sunshine Lake Pharma (东阳光药),6887.HK,Apollo Therapeutics,private,HEC88473 / APL-18881 (FGF21/GLP-1 dual agonist),GLP-1 peptide,"T2D, obesity, MASH",Ph1,ex-Greater China,license,12.0,,926.0,938.0,undisclosed,undisclosed,,unknown,none found,https://www.drugtimes.cn/2024/11/19/yizhou6bibdjiaoyiniandizaibaofa/ | https://www.ropesgray.com/en/news-and-events/news/2024/11/ropes-gray-advises-apollo-therapeutics-on-exclusive-exchina-license-for-clinical-stage-fgf21-glp-1,Private UK licensee.,2024H2
202411-lanova-lm299,2024-11-14,LaNova Medicines (礼新医药),private (acquired by Sino Biopharm 2025),Merck & Co. (MSD),NYSE:MRK,LM-299 / MK-2010 (PD-1 x VEGF bispecific),bispecific,Solid tumors (NSCLC etc.),Ph1,global,license,588.0,,2700.0,3288.0,undisclosed,undisclosed,,Ph1/2; Merck presented NSCLC data at AACR 2026; Ph3 plans not disclosed,"Licensor LaNova acquired by Sino Biopharm (~$951M, Jul 2025) - acquisition of licensor, not a royalty sale",https://www.biospace.com/business/merck-hops-onto-pd-1-vegf-train-committing-up-to-3b-plus-in-lanova-deal | https://www.drugtimes.cn/2024/11/19/yizhou6bibdjiaoyiniandizaibaofa/ | https://firstwordpharma.com/story/5981305,"Milestones include tech transfer, development, regulatory and commercial.",2024H2
202411-keymed-cm336,2024-11-17,Keymed Biosciences (康诺亚),2162.HK,Platina Medicines Ltd (Ouro Medicines subsidiary; Ouro acquired by Gilead + Lakefront Jun 2026),private (now Gilead NASDAQ:GILD),CM336 / OM336 (BCMA x CD3 TCE),TCE,B-cell-driven autoimmune diseases (initially heme malignancies),Ph1,ex-Greater China,NewCo,16.0,,610.0,626.0,tiered royalties on net sales ranging from high single digits to mid-double digits (obligor now Gilead),range,equity stake in Ouro (reportedly ~15%; monetized in 2026 sale),Ph1/2 (Lakefront runs Ph1/2; Gilead leads pivotal); Keymed received $257M upfront on Ouro sale (Jun 2026) + up to ~$70M milestones,"Keymed monetized its Ouro equity via the Gilead/Lakefront acquisition ($257M received Jun 2026); license royalties/milestones remain in place, no royalty sale found",https://www.drugtimes.cn/2024/11/19/yizhou6bibdjiaoyiniandizaibaofa/ | https://www.meritsandtree.com/Content/2025/01-27/1635166043.html | https://finance.yahoo.com/healthcare/articles/keymed-biosciences-announces-2026-h1-140900819.html,Upfront+near-term ~$16M (some sources $12M + equity). Royalty obligor upgraded to Gilead.,2024H2
202411-velavigo-avzo103,2024-11-18,VelaVigo (橙帆医药),private,Avenzo Therapeutics,private,AVZO-103 (Nectin-4 x TROP2 bispecific ADC),ADC,"Urothelial cancer, TNBC, solid tumors",preclinical,global (ex-Greater China per some reports),license,50.0,,750.0,800.0,undisclosed,undisclosed,,Ph1/2; FDA Fast Track Nov 2025 for UC post-enfortumab vedotin; Avenzo reverse-merging with Rallybio (2026),none found,https://www.drugtimes.cn/2024/11/19/yizhou6bibdjiaoyiniandizaibaofa/ | https://www.biospace.com/press-releases/avenzo-therapeutics-granted-fast-track-designation-for-avzo-103-a-potential-best-in-class-nectin4-trop2-bispecific-antibody-drug-conjugate-for-the-treatment-of-patients-with-urothelial-cancer-previously-treated-with-enfortumab-vedotin,Small private licensee.,2024H2
202411-biosion-bosakitug,2024-11-18,Biosion (博奥信),private,Aclaris Therapeutics,NASDAQ:ACRS,Bosakitug (ATI-045/BSI-045B; TSLP mAb) + ATI-052 (TSLP x IL-4R bispecific),mAb,Atopic dermatitis; asthma/respiratory,Ph2,ex-Greater China,license,30.0,10.7,920.0,,"tiered low-to-mid single digit royalty on annual net sales, subject to reductions",range,,Ph2 in moderate-severe AD (initiated Jun 2025; topline H2 2026),none found,https://www.sec.gov/Archives/edgar/data/1557746/000155837025001819/acrs-20241231x10k.htm | https://www.drugtimes.cn/2024/11/19/yizhou6bibdjiaoyiniandizaibaofa/,Upfront $30M cash + warrants for 14.28M ACRS shares; near-term = $4.5M + $6.2M reimbursements; milestones $125M regulatory + $795M sales. CTTQ holds Greater China rights. Small-cap licensee.,2024H2
202412-duality-db1324,2024-12-03,Duality Biologics (映恩生物),9606.HK,GSK,LSE:GSK,DB-1324 (DITAC immune-toxin ADC),ADC,GI cancer (undisclosed),preclinical,"global ex-mainland China, HK, Macau",option,30.0,,975.0,1005.0,tiered royalties on net sales outside mainland China/HK/Macau,qualitative,,unknown (option status not confirmed),none found,https://www.prnewswire.com/news-releases/duality-biologics-and-gsk-enter-exclusive-option-agreement-for-a-novel-antibody-drug-conjugate-db-1324-302320152.html | https://bydrug.pharmcube.com/news/detail/54c7d1be59ee87b7f918b76c345c61b6,Plus pre-option milestones and option exercise fee (undisclosed).,2024H2
202412-mabwell-biosimilars-tabuk,2024-12-11,Mabwell Bioscience (迈威生物),688062.SH,Tabuk Pharmaceuticals,private,Two biosimilars (denosumab biosimilars per Mabwell portfolio; not confirmed),mAb (biosimilar),Multiple,approved (China),MENA,license,,,,,undisclosed,undisclosed,,unknown,none found,https://bydrug.pharmcube.com/news/detail/54c7d1be59ee87b7f918b76c345c61b6,Regional; minor.,2024H2
202412-biothera-steincares,2024-12-18,Bio-Thera Solutions (百奥泰),688177.SH,SteinCares,private,Third biosimilar licensed to SteinCares (not specified),mAb (biosimilar),Multiple,unknown,Brazil + Latin America,license,,,,,undisclosed,undisclosed,,unknown,none found,https://bydrug.pharmcube.com/news/detail/54c7d1be59ee87b7f918b76c345c61b6,Regional; minor.,2024H2
202412-hansoh-hs10535,2024-12-18,Hansoh Pharmaceutical (翰森制药),3692.HK,Merck & Co. (MSD),NYSE:MRK,HS-10535 / MK-4082 (oral small-molecule GLP-1 RA),small molecule,Obesity / cardiometabolic,preclinical,global (Hansoh option to co-promote or solely commercialize in China),license,112.0,,1900.0,2012.0,royalties on sales (rates undisclosed),qualitative,,unknown (MK-4082 early development),none found,https://www.biopharmadive.com/news/merck-hansoh-obesity-license-deal-oral-glp-1/735884/ | https://bydrug.pharmcube.com/news/detail/54c7d1be59ee87b7f918b76c345c61b6,,2024H2
202412-wuxi-adcs,2024-12-19,WuXi Biologics (药明生物) with Hangzhou DAC (多禧生物) linker-payload,2269.HK,Aadi Bioscience (now Whitehawk Therapeutics),NASDAQ:WHWK,"Three preclinical ADCs targeting PTK7, MUC16, SEZ6",ADC,Solid tumors,preclinical,global,license,44.0,,805.0,849.0,running royalties ranging from low-single-digit to upper-single-digit percentages of annual net sales,range,,Whitehawk advancing PTK7 ADC into clinic (2026); unknown detail,none found,https://www.sec.gov/Archives/edgar/data/1422142/000162828025015269/aadi-20241231.htm | https://bydrug.pharmcube.com/news/detail/54c7d1be59ee87b7f918b76c345c61b6,Upfront $6M paid Dec 2024 + $38M due by Apr 2025; milestones $265M development + $540M commercial. Small-cap licensee.,2024H2
202412-jemincare-jyb1904,2024-12-23,Shanghai Jemincare (济民可信; now Shanghai Jeyou),private,RAPT Therapeutics,NASDAQ:RAPT,JYB1904 / RPT904 / ozureprubart (long-acting anti-IgE mAb),mAb,"Food allergy, CSU, asthma",Ph2 (China),ex-Greater China,license,35.0,1.5,671.0,707.5,tiered royalties at percentages ranging from high single-digit to low double-digit on net sales; royalty term later of 10 yrs/patent/exclusivity; reductions subject to floor,range,,Ph2b in food allergy (RAPT),none found,https://www.globenewswire.com/news-release/2024/12/23/3001125/0/en/rapt-therapeutics-and-shanghai-jemincare-pharmaceutical-announce-exclusive-license-agreement-for-novel-long-acting-anti-ige-antibody.html | https://www.sec.gov/Archives/edgar/data/1673772/000095017025034185/rapt-20241231.htm,Milestones: $1.5M tech transfer + $226M dev/reg + $445M commercial. Small-cap licensee.,2024H2
202412-hengrui-shr4849,2024-12-29,Jiangsu Hengrui Pharmaceuticals (恒瑞医药),600276.SH / 1276.HK,IDEAYA Biosciences,NASDAQ:IDYA,SHR-4849 / IDE849 (DLL3 TOP1 ADC),ADC,"SCLC, neuroendocrine carcinoma",Ph1,ex-Greater China,license,75.0,,970.0,1045.0,mid-single to low-double digit royalties on net sales outside Greater China,range,,Ph1 (US IND Apr 2025); registrational 2L+ SCLC/NEC trial planned by end-2026; ESMO 2026 data,none found,https://www.prnewswire.com/news-releases/ideaya-biosciences-enters-exclusive-license-with-hengrui-pharma-for-shr-4849-a-novel-phase-1-dll3-topo-i-payload-adc-targeting-sclc-and-net-solid-tumors-302339847.html | https://www.sec.gov/Archives/edgar/data/1676725/000119312526054533/idya-20251231.htm,Dev/reg milestones up to $200M; total upfront+milestones $1.045B.,2024H2
202507-yuanqi-atb102-drfalk,2025-07-01,Yuanqi Biopharmaceutical (Suzhou) (元启生物),private,Dr. Falk Pharma,private,ATB102 (AhR agonist),small molecule,inflammatory bowel disease (presumed; AhR agonist),unknown,undisclosed,co-dev,,,,,undisclosed,undisclosed,,unknown,none found,https://bydrug.pharmcube.com/news/detail/f31e89f884de1a739a608d4410a08ea9 | https://www.cbpfcn.com/news/5879,"Date precision: month only (July 2025, from 美柏必缔 roundup). Terms undisclosed. Indication not confirmed in sources seen.",2025H2
202507-cstone-sugemalimab-gentili,2025-07-08,CStone Pharmaceuticals (基石药业),2616.HK,Istituto Gentili S.r.l. (Mediolanum Farmaceutici group),private,sugemalimab (Cejemly; anti-PD-L1),mAb,NSCLC (stage III and IV),"approved (EU/UK, metastatic NSCLC)","Western Europe (EU/EEA western countries) + UK, Andorra, Monaco, San Marino, Vatican (23 countries)",license (commercialization) + supply,,,,192.5,No classic royalty: CStone supplies product and 'will recognize close to 50% of net sales in the licensed territories as revenue'; upfront + regulatory/commercial milestones up to US$192.5M total,qualitative,,EC approved stage III NSCLC indication Nov 2025; MHRA (UK) stage III approval 2026; marketed by Gentili,none found,https://www1.hkexnews.hk/listedco/listconews/sehk/2025/0708/2025070800083.pdf | https://www1.hkexnews.hk/listedco/listconews/sehk/2025/1125/2025112500292.pdf | https://www.prnewswire.com/news-releases/cstone-announces-2025-annual-results-accelerated-expansion-of-global-commercial-footprint-and-efficient-advancement-of-innovation-pipeline-2-0--302726269.html | https://datawrapper.dwcdn.net/ZTFPS/27/dataset.csv,Commercialization license with supply; ~50% of net sales economics is effectively a supply/profit-share stream on an approved product. Upfront amount not split out. Gentili is a private Italian company. CStone 2025 revenue included RMB23.6M sugemalimab royalty income (all partners).,2025H2
202507-adagene-ab-conjugatebio,2025-07-08,Adagene (天演药业),NASDAQ:ADAG,ConjugateBio,private,Adagene-derived antibody for bispecific ADC programs,ADC,oncology (bispecific ADCs),preclinical,undisclosed,license / co-dev,,,,,undisclosed,undisclosed,,unknown,none found,https://datawrapper.dwcdn.net/ZTFPS/27/dataset.csv | https://bydrug.pharmcube.com/news/detail/f31e89f884de1a739a608d4410a08ea9 | https://www.sec.gov/Archives/edgar/data/1818838/000110465926038612/adag-20251231x20f.htm,"Small platform-type deal; ConjugateBio is itself a China-based ADC company, so not a classic ex-China out-license. Terms undisclosed.",2025H2
202507-biocytogen-abs-beone,2025-07-09,Biocytogen (百奥赛图),2315.HK / 688796.SH,BeOne Medicines (BeiGene),NASDAQ:ONC / 6160.HK,undisclosed antibodies (RenMice platform),mAb,undisclosed,preclinical,undisclosed,license (platform antibodies),,,,,undisclosed,undisclosed,,unknown,none found,https://www.biopharmadive.com/news/china-biotech-drug-licensing-deals-pipeline/758283/ | https://datawrapper.dwcdn.net/ZTFPS/27/dataset.csv,"Terms undisclosed; licensee is China-founded. Biocytogen also signed antibody license deals with Tubulis and Merck KGaA (Sep 2025, undisclosed, not separately recorded).",2025H2
202507-novatim-kq2003-erigen,2025-07-22,Novatim Immune Therapeutics / Keyi (科弈药业),private,ERIGEN LLC,private,KQ-2003 (BCMA/CD19 dual-target CAR-T),cell therapy,autoimmune / hematologic (BCMA+CD19),Ph1,ex-China (per tracker; not verified),license,15.0,,,1335.0,undisclosed,undisclosed,,unknown,none found,https://datawrapper.dwcdn.net/ZTFPS/27/dataset.csv | https://bydrug.pharmcube.com/news/detail/f31e89f884de1a739a608d4410a08ea9 | https://www.cbpfcn.com/news/5879,"BioPharma Dive tracker: $15M upfront, $1,335M total. 美柏必缔 headline says 21.35亿美元 (US$2.135B) - discrepancy unresolved. Small private licensee - credit risk. Same licensor later granted India rights to KQ-2003 to VRise (Sep 2025, terms undisclosed, not recorded).",2025H2
202507-3sbio-ssgj707-pfizer-china-option,2025-07-24,3SBio (三生制药),1530.HK,Pfizer,NYSE:PFE,SSGJ-707 (PD-1/VEGF bispecific) - China option,bispecific,"NSCLC, CRC and other solid tumors",Ph3 (China),option on mainland China (makes license worldwide if exercised),option (amendment to May-2025 ex-China license),,150.0,,,undisclosed for this option; base May-2025 license separately covered in H1 dataset,undisclosed,,unknown,none found,https://www1.hkexnews.hk/listedco/listconews/sehk/2025/0724/2025072401558.pdf,License (announced 20 May 2025: $1.25B upfront) became effective 24 Jul 2025; Option Agreement grants Pfizer exclusive PRC option with option fee + exercise fee totaling no more than US$150M; Pfizer also subscribed new 3SBio shares (~HK$785M net proceeds). Recorded as H2 amendment; do not double count with H1 record.,2025H2
202507-hengrui-hrs9821-gsk,2025-07-28,Jiangsu Hengrui Pharmaceuticals (恒瑞医药),600276.SH / 1276.HK,GSK plc,LSE/NYSE:GSK,HRS-9821 (inhaled PDE3/4 inhibitor) + options on 11 programs,small molecule,"COPD (HRS-9821); respiratory, I&I, oncology (11 option programs)",Ph1 (HRS-9821); preclinical (11 programs),"worldwide ex-Greater China (mainland, HK, Macau, Taiwan)",license + option,500.0,,12000.0,12500.0,tiered royalties on global net sales ex-Greater China (rates undisclosed),qualitative,,unknown,none found,https://www1.hkexnews.hk/listedco/listconews/sehk/2025/0728/2025072800085.pdf | https://www.biopharmadive.com/news/gsk-hengrui-collaboration-copd-immunology-cancer-drugs/754161/ | https://datawrapper.dwcdn.net/ZTFPS/27/dataset.csv,HKEX filing and press coverage 28 Jul 2025. ~US$12B milestones only if all programs optioned. Hengrui leads development through Ph1; GSK option at end of Ph1. HRS-9821 license effective on antitrust clearance.,2025H2
202507-cspc-syh2086-madrigal,2025-07-30,CSPC Pharmaceutical Group (石药集团),1093.HK,Madrigal Pharmaceuticals,NASDAQ:MDGL,SYH2086 / MGL-2086 (oral small-molecule GLP-1RA),small molecule,MASH/obesity (combination with Rezdiffra),preclinical,global,license,120.0,,2000.0,2120.0,royalties on net sales ranging from mid-single digits to low-double digits (Madrigal 10-K FY2025),range,,Closed Sep 2025; upfront paid Oct 2025; IND accepted; Ph1 SAD planned 2Q2026,none found,https://www1.hkexnews.hk/listedco/listconews/sehk/2025/0730/2025073000562.pdf | https://www.sec.gov/Archives/edgar/data/1157601/000162828026009514/mdgl-20251231.htm | https://www.biopharmadive.com/news/madrigal-buys-into-glp-1-from-cspc-apellis-wins-expanded-drug-approval/756262/,Licensee is commercial-stage (Rezdiffra) with term-loan debt.,2025H2
202508-lepu-ctm012ctm013-excalipoint,2025-08-01,Lepu Biopharma (乐普生物),2157.HK,Excalipoint Therapeutics (NewCo),private,CTM012 and CTM013 (preclinical T-cell engagers),TCE,undisclosed (TCE; oncology/autoimmune),preclinical,worldwide,NewCo,10.0,,847.5,857.5,tiered royalties from low single-digit to mid single-digit % (product-specific rate tables disclosed Dec 2025),range,"10% of Excalipoint Cayman (enlarged capital) + 1 board seat; Series A US$41M from HongShan, 5Y Capital et al.",Conditions precedent fulfilled; first tranche of upfront received Dec 2025,none found,https://www1.hkexnews.hk/listedco/listconews/sehk/2025/0801/2025080101528.pdf | https://www1.hkexnews.hk/listedco/listconews/sehk/2025/1218/2025121801395.pdf | https://bydrug.pharmcube.com/news/detail/a4b5d2a23aa785a129eff763fb9a1c12,'China-style NewCo' (investors are Chinese VCs) rather than US NewCo. Dev milestones up to $117M within the $847.5M.,2025H2
202508-anji-3assets-amphastar,2025-08-01,Nanjing Anji Biotechnology (南京安吉生物),private,Amphastar Pharmaceuticals,NASDAQ:AMPH,three PCC-stage peptide candidates (oncology and wAMD),other (peptide),oncology; wet AMD,preclinical,North America,license,,,,,undisclosed,undisclosed,,unknown,none found,https://bydrug.pharmcube.com/news/detail/a4b5d2a23aa785a129eff763fb9a1c12 | https://www.sec.gov/Archives/edgar/data/1297184/000129718426000009/amph-20251231x10k.htm,"Date precision: month (Aug 2025). Terms undisclosed. Amphastar pipeline lists AMP-105/107/109 peptides (AMP-107 topical anti-VEGFR peptide for wAMD) - linkage to Anji assets presumed, not confirmed.",2025H2
202508-fosun-xhs004-expedition,2025-08-11,Shanghai Fosun Pharmaceutical (复星医药),600196.SH / 2196.HK,Expedition Therapeutics,private,XH-S004 (oral DPP-1 inhibitor),small molecule,non-CF bronchiectasis; COPD,"Ph2 (China, NCFB); Ph1b (COPD)","worldwide ex-mainland China, HK, Macau",license,17.0,,628.0,645.0,royalties at agreed percentages on net sales (rates undisclosed),qualitative,,unknown,none found,http://static.cninfo.com.cn/finalpage/2025-08-12/1224444284.PDF | https://www.biopharmadive.com/news/expedition-fosun-china-licensing-deal-dpp1-biotech-startup/757394/ | https://datawrapper.dwcdn.net/ZTFPS/27/dataset.csv,Up to $103M dev/regulatory milestones + up to $525M sales milestones. Expedition is a stealth startup (credit risk). Competes with Insmed's Brinsupri (approved Aug 2025).,2025H2
202508-remegen-rc28e-santen,2025-08-19,RemeGen (荣昌生物),9995.HK / 688331.SH,Santen Pharmaceutical (China) (Santen China),TSE:4536 (parent),"RC28-E (VEGF/FGF dual-target fusion protein, intravitreal)",other (fusion protein),"wet AMD, DME",Ph3 (China),"Greater China + South Korea, Thailand, Vietnam, Singapore, Philippines, Indonesia, Malaysia",license,34.7,,145.1,179.9,tiered sales royalties from high single-digit to double-digit % on sales in licensed territories,range,,unknown,none found,https://www1.hkexnews.hk/listedco/listconews/sehk/2025/0819/2025081900021.pdf | https://bydrug.pharmcube.com/news/detail/a4b5d2a23aa785a129eff763fb9a1c12,Converted at RMB7.2/USD: upfront RMB250M; dev/reg milestones RMB520M; sales milestones RMB525M. Territory is mostly Greater China (in-China commercialization by a Japanese pharma) plus Korea/SE Asia; RemeGen keeps rest of world. Borderline vs out-licensing definition. Licensee parent is investment-grade Santen.,2025H2
202508-fosun-fxs6837-sitala,2025-08-26,Shanghai Fosun Pharmaceutical (复星医药),600196.SH / 2196.HK,Sitala Bio,private,"FXS6837 (small-molecule inhibitor, immunology)",small molecule,immune-mediated diseases,Ph2 (China),"worldwide ex-Greater China (incl. HK, Macau, Taiwan)",license,25.0,5.0,645.0,675.0,royalties up to double-digit % of annual net sales (至多两位数百分比),range,Fosun receives US$5M of Sitala shares for zero consideration (<10% fully diluted),unknown,none found,http://static.cninfo.com.cn/finalpage/2025-08-27/1224580380.PDF | https://datawrapper.dwcdn.net/ZTFPS/27/dataset.csv | https://bydrug.pharmcube.com/news/detail/a4b5d2a23aa785a129eff763fb9a1c12,$165M dev/commercial milestones + $480M sales milestones. near_term = $5M equity. UK private startup (credit risk).,2025H2
202508-xwpharma-valiloxybate-avadel,2025-08-30,XWPharma (凯瑞康宁/Hangzhou XWPharma),private,"Avadel Pharmaceuticals (acquired by Alkermes, closed early 2026)",NASDAQ:AVDL -> NASDAQ:ALKS,valiloxybate (XW10172; GABA-B agonist / oxybate prodrug),small molecule,"narcolepsy, idiopathic hypersomnia and other sleep disorders",clinical (stage not confirmed in sources seen),"worldwide ex-mainland China, HK, Macau",license,20.0,,185.0,205.0,tiered royalties high-single digit to mid-teens % of annual net sales; plus 10% of each sales milestone for sales $750M-$3.5B and $10M per additional US indication (Avadel 10-Q 3Q25),range,,Licensee acquired by Alkermes; valiloxybate carried as IPR&D ('early stage') in Alkermes 2Q26 10-Q,none found,https://www.sec.gov/Archives/edgar/data/1012477/000101247725000031/avdl-20250930.htm | https://www.sec.gov/Archives/edgar/data/1520262/000119312526319022/alks-20260630.htm,"Upfront $15M paid 3Q25 + $5M 4Q25. Dev milestones up to $30M; sales milestones $155M up to $750M sales. Licensee now Alkermes (investment-grade-ish, commercial). Not in BPD tracker - found via SEC.",2025H2
202509-innovent-ibi324-ollin,2025-09-01,Innovent Biologics (信达生物),1801.HK,Ollin Biosciences,private,IBI324 (VEGF/ANG-2 bispecific),bispecific,"DME, wet AMD",Ph1,ex-China (exact territory not seen),license,,,,,tiered royalties on net sales (rates undisclosed); upfront paid in cash + Ollin equity,qualitative,Innovent received equity shares in Ollin (% undisclosed),"Ollin reported positive head-to-head Ph1b JADE vs faricimab; registrational trials planned (Innovent FY2025 results, Mar 2026)",none found,https://bydrug.pharmcube.com/news/detail/19abcca0e34edf7953c3c231e49e812d | https://www1.hkexnews.hk/listedco/listconews/sehk/2026/0326/2026032600970.pdf,Date precision: month (Sep 2025). Financial amounts undisclosed.,2025H2
202509-novatim-egfrcmet-adc-radiance,2025-09-03,Novatim Immune Therapeutics / Keyi (科弈药业),private,Radiance Biopharma,private,EGFR/c-MET bispecific nanobody ADC,ADC,solid tumors,Ph1,ex-China (per tracker; not verified),license,15.0,,,1165.0,undisclosed,undisclosed,,unknown,none found,https://datawrapper.dwcdn.net/ZTFPS/27/dataset.csv | https://bydrug.pharmcube.com/news/detail/a4b5d2a23aa785a129eff763fb9a1c12,BPD dates 3 Sep 2025; 美柏必缔 lists it in August roundup. Small private licensee.,2025H2
202509-argo-angptl3sirna-novartis,2025-09-03,Argo Biopharmaceutical (舶望制药),private,Novartis,SIX:NOVN / NYSE:NVS,ANGPTL3 siRNA program + other cardiovascular siRNA programs,siRNA,dyslipidemia / cardiovascular disease,Ph2,ex-Greater China (per reports),license + collaboration,160.0,,5200.0,5360.0,undisclosed,undisclosed,,unknown,none found,https://datawrapper.dwcdn.net/ZTFPS/27/dataset.csv | https://bydrug.pharmcube.com/news/detail/19abcca0e34edf7953c3c231e49e812d,Second Argo-Novartis deal (first Jan 2024). Royalty terms not seen in sources accessed.,2025H2
202509-hengrui-hrs1893-braveheart,2025-09-04,Jiangsu Hengrui Pharmaceuticals (恒瑞医药),600276.SH / 1276.HK,Braveheart Bio,private,HRS-1893 (cardiac myosin inhibitor),small molecule,obstructive hypertrophic cardiomyopathy,Ph3 (China),"worldwide ex-Greater China (mainland, HK, Macau, Taiwan)",license,65.0,10.0,1013.0,1088.0,sales royalties on ex-Greater China net sales (rates undisclosed),qualitative,US$32.5M of the US$65M upfront paid in Braveheart shares (stake % undisclosed),unknown,none found,https://www1.hkexnews.hk/listedco/listconews/sehk/2025/0905/2025090500075.pdf | https://www.biopharmadive.com/news/braveheart-hengrui-hypertrophic-cardiomyopathy-china-licensing-deal/759365/ | https://datawrapper.dwcdn.net/ZTFPS/27/dataset.csv,Upfront $32.5M cash + $32.5M stock; near-term $10M on tech transfer. Braveheart was a stealth Delaware startup (credit risk). Asset in Ph3 in China - late-stage.,2025H2
202509-mabwell-2mw7141-kalexo,2025-09-17,Mabwell (Shanghai) Bioscience (迈威生物),688062.SH,Kalexo Bio (Aditum Bio NewCo),private,2MW7141 (dual-target siRNA),siRNA,dyslipidemia / CV event prevention,preclinical,global,NewCo,12.0,,,1000.0,low single-digit royalties,range,Mabwell receives Kalexo preferred shares as part of consideration (% undisclosed in snippet seen),unknown,none found,http://static.cninfo.com.cn/finalpage/2025-09-18/1224665726.PDF | https://datawrapper.dwcdn.net/ZTFPS/27/dataset.csv,$12M = one-time upfront + near-term cash.,2025H2
202509-hengrui-shra1811-glenmark,2025-09-24,Jiangsu Hengrui Pharmaceuticals (恒瑞医药),600276.SH / 1276.HK,Glenmark Specialty S.A. (Glenmark Pharmaceuticals),NSE:GLENMARK,trastuzumab rezetecan (SHR-A1811; HER2 ADC),ADC,"HER2-mutant NSCLC, breast cancer, other HER2+ tumors","approved (China, May 2025)","worldwide EXCLUDING Greater China, USA, Canada, Europe, Japan, Russia and CIS (i.e., emerging markets)",license,18.0,,1093.0,1111.0,royalties on net sales in licensed territory (rates undisclosed),qualitative,,approved in China (NSCLC May 2025; breast cancer sNDA under priority review); ex-China filings by Glenmark unknown,none found,https://www1.hkexnews.hk/listedco/listconews/sehk/2025/0924/2025092400725.pdf | http://static.cninfo.com.cn/finalpage/2025-09-25/1224679075.PDF | https://bydrug.pharmcube.com/news/detail/19abcca0e34edf7953c3c231e49e812d,Emerging-markets license; royalty stream likely modest vs headline. Major markets (US/EU/JP) remain unlicensed.,2025H2
202509-pregene-invivocart-gilead,2025-09-30,Shenzhen Pregene Biopharma (普瑞金),private,Gilead Sciences (Kite),NASDAQ:GILD,next-generation in vivo CAR-T programs (platform),cell therapy,oncology / immunology (in vivo CAR-T),preclinical,undisclosed (likely global),license + collaboration,120.0,80.0,1500.0,1700.0,up to tiered mid-single digit royalties on annual net sales (Gilead 10-K FY2025),range,,$80M milestone paid 4Q2025,none found,https://www.sec.gov/Archives/edgar/data/882095/000088209526000006/gild-20251231.htm | https://bydrug.pharmcube.com/news/detail/b4085d6ecc6600a1e40704f78caeeffc,Gilead 10-K: agreement entered Sep 2025; 美柏必缔 lists it in Oct 2025 (headline 16.4亿美元). Exact announce day not confirmed (set to end-Sep). No single named asset.,2025H2
202510-haihe-risovalisib-taiho,2025-10-01,Haihe Biopharma (海和药物),private,Taiho Pharmaceutical,private (Otsuka Holdings TSE:4578 subsidiary),risovalisib (CYH33; PI3Kα inhibitor),small molecule,PIK3CA-mutant solid tumors,unknown (late clinical in China),Japan,license,,,,,undisclosed,undisclosed,,unknown,none found,https://bydrug.pharmcube.com/news/detail/b4085d6ecc6600a1e40704f78caeeffc,Date precision: month (Oct 2025). Terms undisclosed. Japan-only license.,2025H2
202510-tuoji-dualpayloadadc-samsungbioepis,2025-10-01,Tuoji Pharma (拓济医药),private,Samsung Bioepis,private (Samsung Epis Holdings),dual-target dual-payload ADC,ADC,oncology,preclinical,undisclosed,license,,,,,undisclosed,undisclosed,,unknown,none found,https://bydrug.pharmcube.com/news/detail/b4085d6ecc6600a1e40704f78caeeffc,Date precision: month (Oct 2025). Terms undisclosed.,2025H2
202510-iaso-cart-gccell,2025-10-01,IASO Biotherapeutics (驯鹿生物),private,GC Cell,KOSDAQ:144510,"CAR-T cell therapy (likely equecabtagene autoleucel, BCMA)",cell therapy,multiple myeloma (presumed),approved (China) (presumed),South Korea (presumed),license,,,,,undisclosed,undisclosed,,unknown,none found,https://bydrug.pharmcube.com/news/detail/b4085d6ecc6600a1e40704f78caeeffc,"Date precision: month (Oct 2025). Asset, territory and terms not confirmed in sources seen - low-confidence record.",2025H2
202510-xingming-ugx202-aviadobio,2025-10-01,Xingming Youjian (星明优健),private,AviadoBio,private,UGX202 (optogenetic gene therapy),other (gene therapy),retinal disease (optogenetics),unknown,ex-China (overseas rights),option,,,,,undisclosed,undisclosed,,unknown,none found,https://bydrug.pharmcube.com/news/detail/b4085d6ecc6600a1e40704f78caeeffc,Date precision: month (Oct 2025). Exclusive option on overseas rights; terms undisclosed.,2025H2
202510-innocare-orelabrutinib-zenas,2025-10-08,InnoCare Pharma (诺诚健华),9969.HK / 688428.SH,Zenas BioPharma,NASDAQ:ZBIO,orelabrutinib (BTK inhibitor) + ZB021 (IL-17AA/AF oral) + ZB022 (TYK2),small molecule,"multiple sclerosis (PPMS, SPMS) and non-oncology autoimmune","Ph3 (orelabrutinib, MS); preclinical (ZB021/ZB022)",orelabrutinib: MS worldwide + all non-oncology indications ex-Greater China & SE Asia; ZB021 ex-Greater China & SE Asia; ZB022 worldwide,license (cash + equity),35.0,25.0,2015.0,2000.0,royalties high-single digits to high-teens on orelabrutinib net sales; mid-single digits to mid-teens for ZB021/ZB022 (Zenas 10-K FY2025 / 10-Q 2Q26),range,,Global Ph3 PriMroSe (PPMS) started Sep 2025; second global Ph3 initiated Mar 2026; no InnoCare milestones achieved as of 30 Jun 2026,"none found on orelabrutinib stream; note licensee Zenas sold obexelimab revenue participation to Royalty Pharma ($75M, Sep 2025) and has senior secured term loan",https://www1.hkexnews.hk/listedco/listconews/sehk/2025/1008/2025100801142.pdf | https://www.sec.gov/Archives/edgar/data/1953926/000110465926027964/zbio-20251231x10k.htm | https://www.sec.gov/Archives/edgar/data/1953926/000110465926095448/zbio-20260630x10q.htm | https://www.biopharmadive.com/news/zenas-innocare-china-deal-immune-drugs-multiple-sclerosis-btk/802323/,"Upfront $35M cash + 5,000,000 Zenas shares; near-term $25M cash + 2,000,000 shares on Ph3 (non-PPMS) milestone; plus 2x$20M regulatory milestones (ZB021/ZB022). Zenas expensed $136.7M FV of 7M shares. Milestones: orelabrutinib $723M, ZB021 $636M, ZB022 $656M. Headline total ~$2B (BPD). Zenas is clinical-stage with royalty-financing and term-loan leverage (credit risk).",2025H2
202510-pegbio-pb119-pdc,2025-10-10,PegBio (派格生物),2565.HK,PDC FZ-LLC,private,visepegenatide (PB-119; weekly GLP-1 RA),GLP-1 peptide,type 2 diabetes,approved (China) - not verified in sources seen,Middle East and Africa,"license (regional, incl. tech transfer)",,,,,undisclosed,undisclosed,,unknown,none found,https://www1.hkexnews.hk/listedco/listconews/sehk/2025/1010/2025101000504.pdf | https://bydrug.pharmcube.com/news/detail/b4085d6ecc6600a1e40704f78caeeffc,Regional license with local manufacturing tech transfer; terms undisclosed. Small.,2025H2
202510-askgene-askg712-visara,2025-10-16,AskGene Pharma (Aosaikang/奥赛康 subsidiary),002755.SZ (parent),"Visara, Inc. (I-Mab-backed)",private,ASKG712 (VEGF/ANG-2 bispecific),bispecific,retinal diseases (DME/AMD),"Ph2 (China, IIa)","Greater China + Singapore, Thailand, Malaysia, Indonesia, Vietnam, Korea, India",license,7.0,,89.0,96.0,royalties on annual net sales in licensed territory (rates undisclosed),qualitative,,unknown,none found,http://static.cninfo.com.cn/finalpage/2025-10-17/1224717428.PDF | https://bydrug.pharmcube.com/news/detail/b4085d6ecc6600a1e40704f78caeeffc,Territory centered on Greater China/Asia - borderline vs out-licensing definition; licensee is US-domiciled Visara (I-Mab investment).,2025H2
202510-leads-lbl047-dianthus,2025-10-16,Nanjing Leads Biolabs (维立志博),9887.HK,Dianthus Therapeutics,NASDAQ:DNTH,LBL-047 / DNTH212 (BDCA2 x BAFF/APRIL bifunctional fusion protein),bispecific,SLE and other autoimmune diseases,preclinical,worldwide ex-Greater China,license,30.0,8.0,962.0,1000.0,tiered royalties from mid-single digits up to low double-digit on ex-Greater China net sales (Dianthus 10-K FY2025),range,,Ph1 (healthy volunteers + SLE) started in China Dec 2025,none found,https://www1.hkexnews.hk/listedco/listconews/sehk/2025/1016/2025101601364.pdf | https://www.sec.gov/Archives/edgar/data/1690585/000169058526000006/dnth-20251231.htm | https://datawrapper.dwcdn.net/ZTFPS/27/dataset.csv,$30M upfront + near-term (paid $25M in 4Q25 + $5M accrued); additional $8M (cash or DNTH stock) on Dianthus-led Ph1. BPD lists $38M upfront.,2025H2
202510-hansoh-hs20110-roche,2025-10-17,Hansoh Pharmaceutical (翰森制药),3692.HK,F. Hoffmann-La Roche,SIX:ROG,HS-20110 (CDH17 ADC),ADC,colorectal cancer and other solid tumors,Ph1,worldwide ex-Greater China,license,80.0,,1450.0,1530.0,tiered royalties on potential future product sales (rates undisclosed),qualitative,,unknown,none found,https://www1.hkexnews.hk/listedco/listconews/sehk/2025/1017/2025101700029.pdf | https://datawrapper.dwcdn.net/ZTFPS/27/dataset.csv,BPD shows total $1.45B (milestones only); HKEX: $80M upfront + up to $1.45B milestones.,2025H2
202510-innovent-ibi363-ibi343-takeda,2025-10-22,Innovent Biologics (信达生物),1801.HK,Takeda Pharmaceutical,TSE:4502 / NYSE:TAK,"IBI363 (PD-1/IL-2α-bias bispecific fusion), IBI343 (CLDN18.2 ADC), option on IBI3001 (EGFR/B7-H3 bispecific ADC)",bispecific / ADC,"NSCLC (sq IO-resistant), CRC, melanoma (IBI363); gastric & pancreatic cancer (IBI343)",Ph3,"ex-Greater China (IBI363 co-dev global, US co-commercialization 60/40 profit split; IBI343 exclusive ex-Greater China; IBI3001 option)",license + co-dev + option,1200.0,,10200.0,11400.0,IBI363: US 60/40 (Takeda/Innovent) profit/loss share + 60/40 global dev cost split; tiered royalties up to the high-teens on net sales outside Greater China and US. IBI343: tiered royalties up to high-teens. IBI3001 (if optioned): tiered royalties up to mid-teens.,range,,Closed Dec 2025 (upfront paid). IBI363 global Ph3 MarsLight-11 (IO-resistant sqNSCLC) + pivotal melanoma study; IBI343 Ph3 3L GC (China/Japan) and Ph3 3L PDAC (China),none found,https://www1.hkexnews.hk/listedco/listconews/sehk/2025/1022/2025102200031.pdf | https://www1.hkexnews.hk/listedco/listconews/sehk/2025/1205/2025120500041.pdf | https://www.takeda.com/newsroom/newsreleases/2025/innovent/ | https://www.sec.gov/Archives/edgar/data/1395064/000139506426000177/tak-20260331.htm | https://www1.hkexnews.hk/listedco/listconews/sehk/2026/0326/2026032600970.pdf,$1.2B upfront includes $100M equity at 20% premium. Largest China out-license by upfront in H2 2025. IBI363 US economics are a profit share (not royalty) - monetization would be of ex-US royalty + US profit share.,2025H2
202510-qyuns-qx031n-roche,2025-10-28,Qyuns Therapeutics (荃信生物),2509.HK,F. Hoffmann-La Roche,SIX:ROG,QX031N (TSLP x IL-33 bispecific),bispecific,respiratory / COPD-asthma,preclinical,global,license,75.0,,995.0,1070.0,tiered royalties on potential future product sales (rates undisclosed),qualitative,,unknown,none found,https://www1.hkexnews.hk/listedco/listconews/sehk/2025/1028/2025102801091.pdf | https://datawrapper.dwcdn.net/ZTFPS/27/dataset.csv,,2025H2
202510-minwei-mwn-sidera,2025-10-31,Shanghai Minwei Biotechnology (民为生物),private,Sidera Bio,private,GLP-1/GIP/FGF21 multi-agonist (code not seen),GLP-1 peptide,obesity / metabolic,Ph2,ex-China (per tracker; not verified),license,35.0,,,1045.0,undisclosed,undisclosed,9.99% equity stake in Sidera,unknown,none found,https://datawrapper.dwcdn.net/ZTFPS/27/dataset.csv | https://bydrug.pharmcube.com/news/detail/b4085d6ecc6600a1e40704f78caeeffc,Small private licensee.,2025H2
202511-adagene-maskedtce-thirdarc,2025-11-01,Adagene (天演药业),NASDAQ:ADAG,Third Arc Bio,private,two SAFEbody masked CD3 T-cell engagers,TCE,oncology,preclinical,undisclosed,license,,,,,undisclosed,undisclosed,,unknown,none found,https://bydrug.pharmcube.com/news/detail/67dffc77e2b1212fdced78e837d18560 | https://www.sec.gov/Archives/edgar/data/1818838/000110465926038612/adag-20251231x20f.htm,"Date precision: month (Nov 2025). Terms undisclosed. Adagene also expanded Exelixis SAFEbody pact (3rd masked ADC, Sep 2025) - not recorded separately.",2025H2
202511-sanegene-sirna-lilly,2025-11-01,SanegeneBio (圣因生物),private,Eli Lilly,NYSE:LLY,siRNA programs for metabolic disease (undisclosed targets),siRNA,metabolic diseases,preclinical,undisclosed (likely global),co-dev / platform,,,,1200.0,undisclosed,undisclosed,,unknown,none found,https://bydrug.pharmcube.com/news/detail/67dffc77e2b1212fdced78e837d18560,Date precision: month (Nov 2025). Headline '超12亿美元' (>US$1.2B). Discovery/platform deal without named asset; upfront undisclosed.,2025H2
202511-transthera-nlrp3-neurocrine,2025-11-03,TransThera Sciences (Nanjing) (药捷安康),2617.HK,Neurocrine Biosciences,NASDAQ:NBIX,NLRP3 inhibitor portfolio,small molecule,multiple (inflammatory/neuro) diseases,preclinical,ex-Greater China,patent assignment + research collaboration (royalty-bearing),,,,881.5,royalty-bearing (rates undisclosed),qualitative,,unknown,none found,https://www1.hkexnews.hk/listedco/listconews/sehk/2025/1103/2025110300046.pdf | https://datawrapper.dwcdn.net/ZTFPS/27/dataset.csv,Upfront undisclosed. Neurocrine 10-K FY2025 does not mention the deal (immaterial).,2025H2
202511-ict-lyl273-lyell,2025-11-10,"Innovative Cellular Therapeutics (ICT, 恒润达生)",private,Lyell Immunopharma,NASDAQ:LYEL,LYL273 (GCC-targeted CAR-T),cell therapy,metastatic colorectal cancer (GCC+),Ph1,"worldwide ex-mainland China, HK, Macau, Taiwan",license,40.0,30.0,820.0,860.0,tiered royalties mid-single digits up to 10% on US net sales; low- to mid-single-digit royalties on ex-US net sales (Lyell 10-K FY2025),range,,unknown,none found,https://www.sec.gov/Archives/edgar/data/1806952/000162828026017253/lyel-20251231.htm | https://datawrapper.dwcdn.net/ZTFPS/27/dataset.csv | https://bydrug.pharmcube.com/news/detail/67dffc77e2b1212fdced78e837d18560,Upfront $40M cash + 1.9M Lyell shares; $30M clinical milestone; up to $115M late-stage regulatory + $675M commercial milestones; up to 1.85M additional shares. Lyell is cash-burning clinical-stage (credit risk). 美柏必缔 headline 超60亿 (RMB).,2025H2
202512-kelun-skb105-crescent,2025-12-04,Sichuan Kelun-Biotech (科伦博泰),6990.HK,Crescent Biopharma,NASDAQ:CBIO,SKB105 (integrin beta-6 ADC),ADC,solid tumors,preclinical,"worldwide ex-mainland China, HK, Macau, Taiwan",license (cross-license),80.0,,1247.5,1327.5,tiered royalties mid-single-digit to low double-digit % of net sales (Crescent 10-K; Kelun HKEX),range,,Ph1/2 expected to start 1Q2026,none found,https://www1.hkexnews.hk/listedco/listconews/sehk/2025/1204/2025120402134.pdf | https://www.sec.gov/Archives/edgar/data/1253689/000162828026011983/cbio-20251231.htm | https://datawrapper.dwcdn.net/ZTFPS/27/dataset.csv | https://bydrug.pharmcube.com/news/detail/f2ebe7d89c81142726600ddcdb0b50e3,"Clinical/regulatory milestones $345M + commercial $902.5M. Simultaneous cross-deal: Kelun in-licensed Crescent's CR-001 (PD-1xVEGF) for Greater China ($20M upfront, up to $30M milestones, low-mid single-digit royalties) - not an out-license. ",2025H2
202512-yaopharma-yp05002-pfizer,2025-12-09,Chongqing Yaopharma (药友制药; Fosun Pharma subsidiary),600196.SH / 2196.HK (parent),Pfizer,NYSE:PFE,YP05002 (oral small-molecule GLP-1RA),small molecule,obesity / metabolic,Ph1 (Australia),global,license,150.0,,1935.0,2085.0,royalties on annual net sales at agreed rates up to double-digit % (至多两位数百分比),range,,unknown,none found,http://static.cninfo.com.cn/finalpage/2025-12-10/1224862651.PDF | https://www.biopharmadive.com/news/pfizer-yaopharma-fosun-obesity-pill-deal-china/807375/ | https://datawrapper.dwcdn.net/ZTFPS/27/dataset.csv,"Dev milestones up to $350M + sales milestones up to $1,585M.",2025H2
202512-lynk-lnk01006-formation,2025-12-10,Lynk Pharmaceuticals (凌科药业),private,Formation Bio,private,LNK01006 (TYK2 inhibitor),small molecule,immunology,preclinical,ex-China (per tracker; not verified),license,,,,605.0,undisclosed,undisclosed,minority stake in Formation Bio,unknown,none found,https://datawrapper.dwcdn.net/ZTFPS/27/dataset.csv | https://bydrug.pharmcube.com/news/detail/f2ebe7d89c81142726600ddcdb0b50e3,Upfront undisclosed.,2025H2
202512-gensci-gensci098-yarrow,2025-12-15,"GeneScience Pharmaceuticals (金赛药业; Changchun High-Tech sub, via Shanghai Saizeng)",000661.SZ (parent),Yarrow Bioscience (RTW-incubated),private,GenSci098 (anti-TSHR mAb),mAb,thyroid eye disease; Graves' disease,Ph1,"worldwide ex-Greater China (mainland, HK, Macau, Taiwan)",license,70.0,50.0,1295.0,1365.0,sales royalties of more than 10% of net sales outside Greater China (超过净销售额10%的销售提成); royalty term >=10 years from first sale per country,range,,US$70M upfront received Jan 2026,none found,http://static.cninfo.com.cn/finalpage/2025-12-16/1224880017.PDF | http://static.cninfo.com.cn/finalpage/2026-01-16/1224935532.PDF | https://bydrug.pharmcube.com/news/detail/f2ebe7d89c81142726600ddcdb0b50e3,Up to $1.365B incl. upfront and milestones; parent guarantee provided by licensee side. Licensee is RTW-backed private startup.,2025H2
202512-hansoh-aumolertinib-glenmark,2025-12-16,Hansoh Pharmaceutical (翰森制药),3692.HK,Glenmark Pharmaceuticals,NSE:GLENMARK,aumolertinib (Ameile; 3rd-gen EGFR TKI),small molecule,EGFR-mutant NSCLC,approved (China),"Middle East & Africa, Southeast & South Asia, Australia, New Zealand, Russia/CIS, selected Caribbean",license,,,1000.0,,tiered royalties on net sales in licensed territories (rates undisclosed),qualitative,,unknown,none found,https://www1.hkexnews.hk/listedco/listconews/sehk/2025/1216/2025121600891.pdf | https://bydrug.pharmcube.com/news/detail/f2ebe7d89c81142726600ddcdb0b50e3,Upfront undisclosed; milestones 'possibly cumulating to over US$1 billion'. Emerging-markets deal; prior ex-China partner EQRx returned rights earlier.,2025H2
202512-harbour-multispecifics-bms,2025-12-17,Harbour BioMed (和铂医药),2142.HK,Bristol Myers Squibb,NYSE:BMY,next-generation multi-specific antibody discovery programs (undisclosed targets),bispecific,undisclosed,preclinical,global,co-dev / platform license,90.0,,1035.0,1125.0,tiered royalties (rates undisclosed),qualitative,,unknown,none found,https://www1.hkexnews.hk/listedco/listconews/sehk/2025/1217/2025121700133.pdf | https://datawrapper.dwcdn.net/ZTFPS/27/dataset.csv,"'Payments totaling US$90M' (upfront + near-term). Platform deal, no named asset. Harbour also signed Umoja (evaluation+license, Nov 2025), Pfizer (non-exclusive license, Nov 2025) and an AZ amendment (Nov 2025) - not recorded.",2025H2
202512-qyuns-qx027n-windward,2025-12-19,Qyuns Therapeutics (荃信生物),2509.HK,Windward Bio (via affiliate LE2025 Therapeutics AG),private,QX027N / WIN027 (long-acting TSLP x IL-13 bispecific),bispecific,"asthma, atopic dermatitis",Ph1,"worldwide ex-mainland China, Taiwan, HK, Macau",license (cash + equity),,,,700.0,tiered royalties on net sales in licensed territory (rates undisclosed),qualitative,equity interest in Windward Bio (% undisclosed),unknown,none found,https://www1.hkexnews.hk/listedco/listconews/sehk/2025/1222/2025122200118.pdf | https://datawrapper.dwcdn.net/ZTFPS/27/dataset.csv,"Signed 19 Dec, announced 22 Dec 2025. Upfront undisclosed.",2025H2
202512-jacobio-jab23e73-astrazeneca,2025-12-21,Jacobio Pharmaceuticals (加科思),1167.HK,AstraZeneca,LSE/NASDAQ:AZN,JAB-23E73 (oral pan-KRAS ON/OFF inhibitor),small molecule,"KRAS-altered solid tumors (PDAC, CRC, NSCLC)",Ph1,ex-China (per press coverage),license + collaboration,100.0,,1815.0,1915.0,tiered royalties on net sales of licensed products (rates undisclosed),qualitative,,unknown,none found,https://www1.hkexnews.hk/listedco/listconews/sehk/2025/1221/2025122100421.pdf | https://www.pharmexec.com/view/astrazeneca-reaches-2-billion-license-agreement-with-jacobio-pharma-for-pan-kras-inhibitor | https://datawrapper.dwcdn.net/ZTFPS/27/dataset.csv,"Total potential consideration up to $1,915M incl. upfront. Record for a Chinese small-molecule out-license (per Cooley).",2025H2
202512-simcere-sim0613-ipsen,2025-12-22,Simcere Zaiming (先声再明; Simcere Pharmaceutical),2096.HK,Ipsen,EPA:IPN,SIM0613 (LRRC15 ADC),ADC,"solid tumors (LRRC15+, CAF-rich)",preclinical,worldwide ex-Greater China (presumed),license,45.0,,1015.0,1060.0,tiered royalties on sales (rates undisclosed),qualitative,,unknown,none found,https://www1.hkexnews.hk/listedco/listconews/sehk/2025/1222/2025122200275.pdf | https://datawrapper.dwcdn.net/ZTFPS/27/dataset.csv,Territory wording not captured in snippet; BPD lists upfront N/A - HKEX gives $45M.,2025H2
202512-tongyi-cbp1018-multivalent,2025-12-22,Tongyi Pharmaceuticals (同宜医药),private,MultiValent Biotherapies,private,CBP-1018 (PSMA/FRα bi-ligand peptide-drug conjugate),other (PDC),prostate cancer,Ph1,ex-China (per tracker; not verified),license (cash + equity),20.0,,,2020.0,undisclosed,undisclosed,20% equity in MultiValent,unknown,none found,https://datawrapper.dwcdn.net/ZTFPS/27/dataset.csv | https://bydrug.pharmcube.com/news/detail/f2ebe7d89c81142726600ddcdb0b50e3,Small private licensee.,2025H2
202512-zelgen-zg006-abbvie,2025-12-30,Suzhou Zelgen Biopharmaceuticals (泽璟制药),688266.SH,AbbVie,NYSE:ABBV,ZG006 / alveltamig (DLL3 x DLL3 x CD3 trispecific TCE),TCE,"small cell lung cancer, DLL3+ neuroendocrine carcinoma",Ph3 (China) / late clinical,"worldwide ex-mainland China, HK, Macau (Taiwan included in AbbVie territory)",option + license,100.0,60.0,1075.0,1235.0,tiered royalties from high single-digit to mid double-digit % on net sales outside Greater China (高个位数到中双位数),range,,unknown,none found,http://static.cninfo.com.cn/finalpage/2026-01-01/1224912848.PDF | https://endpoints.news/abbvie-does-t-cell-engager-deal-in-china-for-zelgens-dll3-targeted-drug/ | https://datawrapper.dwcdn.net/ZTFPS/27/dataset.csv | https://bydrug.pharmcube.com/news/detail/f2ebe7d89c81142726600ddcdb0b50e3,"Signed 30 Dec, announced 31 Dec 2025. Near-term clinical + option-related payments up to $60M; $1.075B milestones only if AbbVie exercises option. Zelgen leads China registrational trials. Investment-grade licensee.",2025H2
202601-insilico-servier-onc,2026-01-04,Insilico Medicine,HKEX-listed (ticker not verified),Servier,private,Pharma.AI-discovered oncology candidates (undisclosed),small molecule,Oncology (multiple targets),preclinical,global (Servier commercializes),co-dev,,32.0,,888.0,undisclosed,undisclosed,,discovery-stage collaboration; no named asset yet,none found,https://biotochina.org/2026/02/05/2026-jan-%e9%9b%85%e6%b3%95%e5%85%a8%e7%90%83%e7%94%9f%e7%89%a9%e5%8c%bb%e8%8d%af%e4%ba%a4%e6%98%93%e6%9c%88%e6%8a%a5-yafo-global-biopharma-transactions-report/,Multi-year AI discovery collaboration; up to $32M upfront+near-term R&D payments; total ~$888M. Servier co-funds R&D.,2026
202601-earendil-sanofi-bispecifics,2026-01-05,Earendil Labs (Helixon),private,Sanofi,NASDAQ:SNY,AI-generated bispecific antibodies for autoimmune/inflammatory disease (undisclosed),bispecific,Autoimmune / inflammatory disease,preclinical,global,license,,160.0,,2500.0,undisclosed,undisclosed,,discovery-stage,none found,https://biotochina.org/2026/02/05/2026-jan-%e9%9b%85%e6%b3%95%e5%85%a8%e7%90%83%e7%94%9f%e7%89%a9%e5%8c%bb%e8%8d%af%e4%ba%a4%e6%98%93%e6%9c%88%e6%8a%a5-yafo-global-biopharma-transactions-report/,Total potential value >$2.5B; Earendil receives up to $160M in upfront and near-term payments. Earendil HQ listed as China by YAFO (AI protein design; US/China operations).,2026
202601-biocytogen-acepodia-bsadc,2026-01-09,Biocytogen Pharmaceuticals,2315.HK / 688796.SH,Acepodia,private,Two bispecific ADC programs (BsADC program 1 and 2),ADC,Oncology (dual-payload BsADC),preclinical,global (option),option,,,,,royalties on future sales (rates undisclosed),qualitative,,option evaluation period,none found,https://biotochina.org/2026/02/05/2026-jan-%e9%9b%85%e6%b3%95%e5%85%a8%e7%90%83%e7%94%9f%e7%89%a9%e5%8c%bb%e8%8d%af%e4%ba%a4%e6%98%93%e6%9c%88%e6%8a%a5-yafo-global-biopharma-transactions-report/,"Option and license agreement; Biocytogen receives option fee; exercise fees, milestones and royalties if exercised. Financial terms undisclosed.",2026
202601-medilink-roche-yl201,2026-01-09,MediLink Therapeutics,private,Roche (F. Hoffmann-La Roche),SIX:ROG,YL201 (B7-H3 ADC),ADC,SCLC; NPC; ESCC; CRPC; NSCLC and other solid tumors,Ph3,"global ex-mainland China, Hong Kong, Macau",license,,570.0,,,tiered royalties on net sales (rates undisclosed),qualitative,,Ph3 (China/global pivotal programs per YAFO stage),none found (note: Jun 2026 reports of a Kelun-Biotech/MediLink dispute settlement of ~RMB703M under a 'revenue-sharing' model may encumber MediLink economics - unverified),https://biotochina.org/2026/02/05/2026-jan-%e9%9b%85%e6%b3%95%e5%85%a8%e7%90%83%e7%94%9f%e7%89%a9%e5%8c%bb%e8%8d%af%e4%ba%a4%e6%98%93%e6%9c%88%e6%8a%a5-yafo-global-biopharma-transactions-report/ | https://news.google.com/rss/search?q=MediLink+Roche+YL201,US$570M combined upfront + near-term milestones; additional dev/reg/commercial milestones undisclosed. Roche's second MediLink ADC deal. Late-stage asset: high downstream relevance.,2026
202601-haisco-airnexis-hsk39004,2026-01-09,Haisco Pharmaceutical Group,002653.SZ,AirNexis Therapeutics,private,"HSK39004 (AN01), inhaled dual PDE3/4 inhibitor",small molecule,COPD; asthma; chronic bronchitis,Ph2,ex-Greater China (AirNexis territories),NewCo,40.0,,955.0,1063.0,low double-digit royalties on net sales in AirNexis territories,qualitative,19.9% of AirNexis,Ph2 (global development funded by AirNexis $200M Series A),none found,https://biotochina.org/2026/02/05/2026-jan-%e9%9b%85%e6%b3%95%e5%85%a8%e7%90%83%e7%94%9f%e7%89%a9%e5%8c%bb%e8%8d%af%e4%ba%a4%e6%98%93%e6%9c%88%e6%8a%a5-yafo-global-biopharma-transactions-report/ | https://biotochina.org/2026/06/02/2026-may-%e9%9b%85%e6%b3%95%e5%85%a8%e7%90%83%e7%94%9f%e7%89%a9%e5%8c%bb%e8%8d%af%e4%ba%a4%e6%98%93%e6%9c%88%e6%8a%a5-yafo-global-biopharma-transactions-report/,"NewCo structure: AirNexis launched with $200M Series A; Haisco gets $40M cash upfront + 19.9% equity; YAFO values total upfront consideration at ~$108M (incl. equity) and total deal at $1,063M.",2026
202601-remegen-abbvie-rc148,2026-01-12,RemeGen,9995.HK / 688331.SH,AbbVie,NYSE:ABBV,"RC148 (ABBV-1480), PD-1/VEGF bispecific antibody",bispecific,"Advanced solid tumors (NSCLC, CRC, TNBC, gastric, etc.)",Ph2,global ex-Greater China,license,650.0,,4950.0,5600.0,tiered double-digit royalties on net sales in licensed regions,range,,"license closed Mar 2026 (AbbVie Q1 10-Q, $650M IPR&D charge); Ph2",none found,https://biotochina.org/2026/02/05/2026-jan-%e9%9b%85%e6%b3%95%e5%85%a8%e7%90%83%e7%94%9f%e7%89%a9%e5%8c%bb%e8%8d%af%e4%ba%a4%e6%98%93%e6%9c%88%e6%8a%a5-yafo-global-biopharma-transactions-report/ | https://www.sec.gov/Archives/edgar/data/1551152/000155115226000017/abbv-20260331.htm | https://wtaq.com/2026/09/28/factbox-us-drugmakers-turn-to-china-for-licensing-deals/,YAFO dates it 2026-01-13; widely reported 2026-01-12 (JPM day 1). Double-digit royalty floor disclosed.,2026
202601-zonsen-novartis-rlt,2026-01-12,Zonsen PepLib Biotech,private,Novartis,NYSE:NVS,Undisclosed peptide-based radioligand therapy,other (radioligand / peptide),Oncology,preclinical,global,license,50.0,,,,tiered royalties on global net sales (rates undisclosed),qualitative,,preclinical,none found,https://biotochina.org/2026/02/05/2026-jan-%e9%9b%85%e6%b3%95%e5%85%a8%e7%90%83%e7%94%9f%e7%89%a9%e5%8c%bb%e8%8d%af%e4%ba%a4%e6%98%93%e6%9c%88%e6%8a%a5-yafo-global-biopharma-transactions-report/ | https://www.labiotech.eu/trends-news/biotech-deals-january-2026/,Announced at JPM 2026.,2026
202601-hanxin-amphastar-amp110,2026-01-12,Nanjing Hanxin Pharmaceutical Technology,private,Amphastar Pharmaceuticals,NASDAQ:AMPH,AMP-110 (fully synthetic ACTH / corticotropin analog),other (synthetic peptide),"Inflammatory and autoimmune conditions (RA, SLE, MS, infantile spasms)",preclinical,US and Canada,license,2.0,,89.0,91.0,"5% royalty on net sales, capped at $7.5M per year and $60M cumulative (Amphastar 10-Q)",exact,,preclinical; no milestones triggered as of Q1 2026,none found,https://biotochina.org/2026/02/05/2026-jan-%e9%9b%85%e6%b3%95%e5%85%a8%e7%90%83%e7%94%9f%e7%89%a9%e5%8c%bb%e8%8d%af%e4%ba%a4%e6%98%93%e6%9c%88%e6%8a%a5-yafo-global-biopharma-transactions-report/ | https://www.sec.gov/Archives/edgar/data/1297184/000129718426000033/amph-20260331x10q.htm,Related-party deal: Amphastar owns 11.5% of Hanxin and the Amphastar CEO's son chairs Hanxin. $14M dev milestones + $75M sales milestones. Hanxin keeps non-exclusive rights ex-US/Canada.,2026
202601-scineuro-novartis-snp234,2026-01-12,SciNeuro Pharmaceuticals,private,Novartis,NYSE:NVS,SNP234 (BBB-shuttle anti-amyloid-beta antibody program),mAb,Alzheimer's disease,preclinical,global,license,165.0,,1500.0,1665.0,tiered royalties (rates undisclosed),qualitative,,preclinical,none found,https://biotochina.org/2026/02/05/2026-jan-%e9%9b%85%e6%b3%95%e5%85%a8%e7%90%83%e7%94%9f%e7%89%a9%e5%8c%bb%e8%8d%af%e4%ba%a4%e6%98%93%e6%9c%88%e6%8a%a5-yafo-global-biopharma-transactions-report/ | https://biotochina.org/2026/06/02/2026-may-%e9%9b%85%e6%b3%95%e5%85%a8%e7%90%83%e7%94%9f%e7%89%a9%e5%8c%bb%e8%8d%af%e4%ba%a4%e6%98%93%e6%9c%88%e6%8a%a5-yafo-global-biopharma-transactions-report/,Plus research funding. Announced at JPM 2026.,2026
202601-hansoh-terns-tern701ip,2026-01-16,Hansoh Pharmaceutical,3692.HK,Terns Pharmaceuticals,NASDAQ:TERN,Hansoh-invented patents covering TERN-701 (allosteric BCR-ABL inhibitor),small molecule,Chronic myeloid leukemia,Ph1,"worldwide ex-Hansoh territory (mainland China, Taiwan, HK, Macau)",license,1.0,,,1.0,tiered royalties of 0.75% to 1.25% on net sales of TERN-701 products (Terns 8-K),exact,,TERN-701 in clinical development (Terns),none found,https://www.sec.gov/Archives/edgar/data/1831363/000119312526019426/d10827d8k.htm,"Amendment to 2020 option/license: Hansoh converts a royalty-free non-exclusive license on its TERN-701 patents into an exclusive royalty-bearing license to Terns. TERN-701 originated at Terns, so this is an IP license rather than a Chinese-originated asset.",2026
202601-abelzeta-az-tccar031,2026-01-18,AbelZeta Pharma,private,AstraZeneca,NASDAQ:AZN,TC-CAR031 (GPC3 armored CAR-T),cell therapy,Hepatocellular carcinoma; squamous NSCLC,Ph1/2,China (AZ acquires AbelZeta's remaining 50% China rights; AZ thereby holds global rights),asset sale,,,,630.0,undisclosed,undisclosed,,Ph1/2,none found,https://biotochina.org/2026/02/05/2026-jan-%e9%9b%85%e6%b3%95%e5%85%a8%e7%90%83%e7%94%9f%e7%89%a9%e5%8c%bb%e8%8d%af%e4%ba%a4%e6%98%93%e6%9c%88%e6%8a%a5-yafo-global-biopharma-transactions-report/,"Up to $630M incl. upfront and dev/reg/commercial milestones tied to the GPC3 program in China. AbelZeta HQ US/China. Territory is China (rights buy-back), not ex-China - flag for filtering.",2026
202601-innolake-ellipses-ilb3101,2026-01-19,Innolake Biopharm,private,Ellipses Pharma,private,ILB-3101 / EP0028 (B7-H3 ADC with eribulin payload),ADC,"Solid tumors (NSCLC, SCLC, ESCC, prostate, TNBC, etc.)",Ph1/2,ex-Greater China,license,,,,,undisclosed,undisclosed,,Ph1/2,none found,https://biotochina.org/2026/02/05/2026-jan-%e9%9b%85%e6%b3%95%e5%85%a8%e7%90%83%e7%94%9f%e7%89%a9%e5%8c%bb%e8%8d%af%e4%ba%a4%e6%98%93%e6%9c%88%e6%8a%a5-yafo-global-biopharma-transactions-report/,Terms undisclosed; Ellipses is a small UK clinical-stage company (credit risk).,2026
202601-healzen-undisclosed-dac,2026-01-26,HealZen Therapeutics,private,Undisclosed US biotech,private,Degrader-antibody conjugate (DAC) programs,ADC,Undisclosed,preclinical,ex-Greater China,license,,,,,tiered royalties on sales (rates undisclosed),qualitative,,preclinical,none found,https://biotochina.org/2026/02/05/2026-jan-%e9%9b%85%e6%b3%95%e5%85%a8%e7%90%83%e7%94%9f%e7%89%a9%e5%8c%bb%e8%8d%af%e4%ba%a4%e6%98%93%e6%9c%88%e6%8a%a5-yafo-global-biopharma-transactions-report/,"Upfront, milestones, tiered royalties and sublicense income; amounts undisclosed.",2026
202601-simcere-bi-sim0709,2026-01-27,Simcere Pharmaceutical Group,2096.HK,Boehringer Ingelheim,private,SIM0709 (TL1A x IL-23p19 bispecific antibody),bispecific,Inflammatory bowel disease,preclinical,global ex-Greater China,license,,,1250.0,1250.0,royalties on net sales outside Greater China (rates undisclosed),qualitative,,preclinical,none found,https://biotochina.org/2026/02/05/2026-jan-%e9%9b%85%e6%b3%95%e5%85%a8%e7%90%83%e7%94%9f%e7%89%a9%e5%8c%bb%e8%8d%af%e4%ba%a4%e6%98%93%e6%9c%88%e6%8a%a5-yafo-global-biopharma-transactions-report/ | https://www.labiotech.eu/trends-news/biotech-deals-january-2026/,"Upfront + milestones up to EUR 1,058M (~US$1.25B; upfront amount not separately disclosed).",2026
202601-ctfh-formation-fhnd5032,2026-01-29,Jiangsu Chia Tai Fenghai Pharmaceutical (CTFH),private,Formation Bio (via subsidiary Kenmare Bio),private,FHND5032 (oral small-molecule miR-124 activator),small molecule,Ulcerative colitis / autoimmune disease,preclinical,global ex-Greater China,NewCo,,,,500.0,royalties on future sales (rates undisclosed),qualitative,minority stake in Kenmare Bio (size undisclosed),preclinical; clinical trials planned 2026,none found,https://biotochina.org/2026/02/05/2026-jan-%e9%9b%85%e6%b3%95%e5%85%a8%e7%90%83%e7%94%9f%e7%89%a9%e5%8c%bb%e8%8d%af%e4%ba%a4%e6%98%93%e6%9c%88%e6%8a%a5-yafo-global-biopharma-transactions-report/ | https://www.labiotech.eu/trends-news/biotech-deals-january-2026/ | https://www.fiercebiotech.com/biotech/formation-bios-china-shopping-spree-continues-500m-biobucks-autoimmune-pact,Up to $500M upfront + dev/reg/commercial milestones; Formation Bio NewCo model.,2026
202601-cspc-az-syh2082,2026-01-30,CSPC Pharmaceutical Group,1093.HK,AstraZeneca,NASDAQ:AZN,SYH2082 (long-acting GLP-1R/GIPR agonist) + 7 other long-acting peptide programs,GLP-1 peptide,Obesity; type 2 diabetes,preclinical,"global ex-mainland China, HK, Macau, Taiwan",license,1200.0,,17300.0,18500.0,undisclosed,undisclosed,,SYH2082 IND-stage; others preclinical,none found,https://biotochina.org/2026/02/05/2026-jan-%e9%9b%85%e6%b3%95%e5%85%a8%e7%90%83%e7%94%9f%e7%89%a9%e5%8c%bb%e8%8d%af%e4%ba%a4%e6%98%93%e6%9c%88%e6%8a%a5-yafo-global-biopharma-transactions-report/ | https://biotochina.org/2026/06/02/2026-may-%e9%9b%85%e6%b3%95%e5%85%a8%e7%90%83%e7%94%9f%e7%89%a9%e5%8c%bb%e8%8d%af%e4%ba%a4%e6%98%93%e6%9c%88%e6%8a%a5-yafo-global-biopharma-transactions-report/,Largest China out-licensing upfront of H1 2026. Milestones = $3.5B dev + $13.8B sales. Also includes collaboration on additional research programs.,2026
202602-sanegene-genentech-rnai,2026-02-02,SanegeneBio,private,Genentech (Roche),SIX:ROG,Undisclosed RNAi program (from SanegeneBio's platform),siRNA,Undisclosed (cardiometabolic reported),preclinical,global,license,200.0,,1500.0,1700.0,tiered royalties on future product sales (rates undisclosed),qualitative,,preclinical,none found,https://biotochina.org/2026/03/03/2026-feb-%e9%9b%85%e6%b3%95%e5%85%a8%e7%90%83%e7%94%9f%e7%89%a9%e5%8c%bb%e8%8d%af%e4%ba%a4%e6%98%93%e6%9c%88%e6%8a%a5-yafo-global-biopharma-transactions-report/ | https://biotochina.org/2026/06/02/2026-may-%e9%9b%85%e6%b3%95%e5%85%a8%e7%90%83%e7%94%9f%e7%89%a9%e5%8c%bb%e8%8d%af%e4%ba%a4%e6%98%93%e6%9c%88%e6%8a%a5-yafo-global-biopharma-transactions-report/,"SanegeneBio runs early-stage development, then Genentech takes over.",2026
202602-wuxibio-vertex-tce,2026-02-03,WuXi Biologics,2269.HK,Vertex Pharmaceuticals,NASDAQ:VRTX,Trispecific T-cell engager targeting B cells,TCE,B-cell-mediated autoimmune disease,preclinical,global,license,,,,,royalty payments (rates undisclosed),qualitative,,preclinical,none found,https://biotochina.org/2026/03/03/2026-feb-%e9%9b%85%e6%b3%95%e5%85%a8%e7%90%83%e7%94%9f%e7%89%a9%e5%8c%bb%e8%8d%af%e4%ba%a4%e6%98%93%e6%9c%88%e6%8a%a5-yafo-global-biopharma-transactions-report/,"License + research service agreement; upfront, milestones and royalties undisclosed.",2026
202602-zonsen-lilly-peptides,2026-02-03,Zonsen PepLib Biotech,private,Eli Lilly,NYSE:LLY,Novel peptide drug candidates (undisclosed),other (peptide),Undisclosed,preclinical,global,co-dev,,,,,tiered royalties on global net sales (rates undisclosed),qualitative,,discovery,none found,https://biotochina.org/2026/03/03/2026-feb-%e9%9b%85%e6%b3%95%e5%85%a8%e7%90%83%e7%94%9f%e7%89%a9%e5%8c%bb%e8%8d%af%e4%ba%a4%e6%98%93%e6%9c%88%e6%8a%a5-yafo-global-biopharma-transactions-report/,Research collaboration + license; upfront and near-term payments undisclosed.,2026
202602-biothera-avalon-bat3306,2026-02-04,Bio-Thera Solutions,688177.SH,Avalon Pharma,private,BAT3306 (pembrolizumab biosimilar),mAb,NSCLC and other Keytruda indications,Ph3,Saudi Arabia and MENA,license,,,,72.0,undisclosed,undisclosed,,Ph3,none found,https://biotochina.org/2026/03/03/2026-feb-%e9%9b%85%e6%b3%95%e5%85%a8%e7%90%83%e7%94%9f%e7%89%a9%e5%8c%bb%e8%8d%af%e4%ba%a4%e6%98%93%e6%9c%88%e6%8a%a5-yafo-global-biopharma-transactions-report/,Biosimilar commercialization license; Bio-Thera supplies product. Total $72M per YAFO.,2026
202602-chipscreen-nizhpharm-chidamide,2026-02-04,Shenzhen Chipscreen Biosciences,688321.SH,Nizhpharm (STADA group),private,"Chidamide (tucidinostat, HDAC inhibitor)",small molecule,Hematologic malignancies / oncology,approved,"Russia, CIS, Georgia, Mongolia and other Eurasian countries",license,1.0,,,,undisclosed (supply at agreed price),undisclosed,,approved in China; registration in Eurasian territory,none found,https://biotochina.org/2026/03/03/2026-feb-%e9%9b%85%e6%b3%95%e5%85%a8%e7%90%83%e7%94%9f%e7%89%a9%e5%8c%bb%e8%8d%af%e4%ba%a4%e6%98%93%e6%9c%88%e6%8a%a5-yafo-global-biopharma-transactions-report/,Licensing and distribution agreement; YAFO lists upfront ~$1M. Borderline distribution deal.,2026
202602-henlius-eisai-serplulimab,2026-02-05,Shanghai Henlius Biotech,2696.HK,Eisai,TSE:4523,"Serplulimab (HLX10, anti-PD-1 mAb)",mAb,ES-SCLC; non-MSI-H mCRC; perioperative gastric cancer,approved,Japan,license,75.0,,313.0,388.0,undisclosed,undisclosed,,approved in China/EU (ES-SCLC); Japan clinical trials planned/ongoing,none found,https://biotochina.org/2026/03/03/2026-feb-%e9%9b%85%e6%b3%95%e5%85%a8%e7%90%83%e7%94%9f%e7%89%a9%e5%8c%bb%e8%8d%af%e4%ba%a4%e6%98%93%e6%9c%88%e6%8a%a5-yafo-global-biopharma-transactions-report/ | https://www.prnewswire.com/news-releases/fosun-pharma-announces-2026-interim-results-302859386.html,"Henlius remains co-exclusive developer, manufacturer and Japanese MAH. SCMP headline cited a larger ~$1.55B figure - not reconciled; YAFO $75M upfront / $388M total used. Fosun interim report also cites a serplulimab license with Abbott for 42 countries (date/terms not verified).",2026
202602-innovent-lilly-oncimm,2026-02-08,Innovent Biologics,1801.HK,Eli Lilly,NYSE:LLY,Undisclosed next-generation oncology and immunology programs,other (multiple),Oncology; immunology,preclinical,global ex-Greater China,co-dev,350.0,,8500.0,8850.0,tiered royalties on net sales outside Greater China (rates undisclosed),qualitative,,preclinical,none found,https://biotochina.org/2026/03/03/2026-feb-%e9%9b%85%e6%b3%95%e5%85%a8%e7%90%83%e7%94%9f%e7%89%a9%e5%8c%bb%e8%8d%af%e4%ba%a4%e6%98%93%e6%9c%88%e6%8a%a5-yafo-global-biopharma-transactions-report/ | https://wtaq.com/2026/09/28/factbox-us-drugmakers-turn-to-china-for-licensing-deals/,Seventh Innovent-Lilly collaboration.,2026
202602-ribo-madrigal-sirna,2026-02-11,Suzhou Ribo Life Science (with Ribocure Pharmaceuticals AB),HKEX-listed (ticker not verified),Madrigal Pharmaceuticals,NASDAQ:MDGL,Six siRNA programs for MASH (RiboGalSTAR platform),siRNA,MASH,preclinical,global,license,60.0,,4400.0,4460.0,tiered royalties on net sales ranging from mid-single digits to low-double digits (Madrigal 10-Q),range,,preclinical; development activities commenced,none found,https://biotochina.org/2026/03/03/2026-feb-%e9%9b%85%e6%b3%95%e5%85%a8%e7%90%83%e7%94%9f%e7%89%a9%e5%8c%bb%e8%8d%af%e4%ba%a4%e6%98%93%e6%9c%88%e6%8a%a5-yafo-global-biopharma-transactions-report/ | https://www.sec.gov/Archives/edgar/data/1157601/000162828026030947/mdgl-20260331.htm,"$48.3M of upfront expensed, $11.7M capitalized as prepaid R&D services (Madrigal). Licensee is commercial-stage (Rezdiffra).",2026
202602-genhouse-gilead-gh31,2026-02-13,Suzhou Genhouse Bio,private (IPO registration),Gilead Sciences,NASDAQ:GILD,"GH31 (MAT2A inhibitor, synthetic lethality)",small molecule,MTAP-deleted solid tumors,Ph1,global,license,80.0,,1450.0,1530.0,tiered royalties on net sales reaching low double digits,range,,Ph1 (IND-cleared),none found,https://biotochina.org/2026/03/03/2026-feb-%e9%9b%85%e6%b3%95%e5%85%a8%e7%90%83%e7%94%9f%e7%89%a9%e5%8c%bb%e8%8d%af%e4%ba%a4%e6%98%93%e6%9c%88%e6%8a%a5-yafo-global-biopharma-transactions-report/ | https://www.sec.gov/Archives/edgar/data/882095/000088209526000024/gild-20260331.htm,Gilead recorded $80M IPR&D in Q1 2026.,2026
202602-harbour-solstice-porustobart,2026-02-23,Harbour BioMed,2142.HK,Solstice Oncology,private,"Porustobart (HBM4003, anti-CTLA-4 HCAb)",mAb,NET; NSCLC; melanoma; RCC; HCC,Ph1/2,global ex-Greater China,NewCo,50.0,55.0,1100.0,1155.0,tiered royalties on net sales outside Greater China (rates undisclosed),qualitative,Solstice equity valued >$50M (stake % undisclosed),Ph1/2,none found,https://biotochina.org/2026/03/03/2026-feb-%e9%9b%85%e6%b3%95%e5%85%a8%e7%90%83%e7%94%9f%e7%89%a9%e5%8c%bb%e8%8d%af%e4%ba%a4%e6%98%93%e6%9c%88%e6%8a%a5-yafo-global-biopharma-transactions-report/,Upfront consideration >$105M = $50M cash + $5M near-term + >$50M Solstice equity (near_term field includes equity). VC-backed NewCo-like licensee.,2026
202602-frontier-gsk-sirna,2026-02-23,Frontier Biotechnologies,688221.SH,GSK,NYSE:GSK,"Two siRNA pipeline assets (one IND-stage, one preclinical)",siRNA,Undisclosed,preclinical,global,license,40.0,,963.0,1003.0,tiered royalties on worldwide net sales (rates undisclosed),qualitative,,IND-stage/preclinical,none found,https://biotochina.org/2026/03/03/2026-feb-%e9%9b%85%e6%b3%95%e5%85%a8%e7%90%83%e7%94%9f%e7%89%a9%e5%8c%bb%e8%8d%af%e4%ba%a4%e6%98%93%e6%9c%88%e6%8a%a5-yafo-global-biopharma-transactions-report/,,2026
202602-dartsbio-slate-ds009,2026-02-25,Dartsbio Pharmaceuticals,private,Slate Medicines,private,DS009 / SLTE-1009 (half-life-extended anti-PACAP mAb),mAb,Migraine / headache disorders,preclinical,ex-Greater China (US/EU/Japan/other),license,,,,,undisclosed,undisclosed,,preclinical,none found,https://biotochina.org/2026/03/03/2026-feb-%e9%9b%85%e6%b3%95%e5%85%a8%e7%90%83%e7%94%9f%e7%89%a9%e5%8c%bb%e8%8d%af%e4%ba%a4%e6%98%93%e6%9c%88%e6%8a%a5-yafo-global-biopharma-transactions-report/,Licensee is a private headache-focused startup.,2026
202603-antengene-ucb-atg201,2026-03-04,Antengene Corporation,6996.HK,UCB,EBR:UCB,ATG-201 (CD19 x CD3 bispecific T-cell engager),TCE,B-cell malignancies; autoimmune disease,preclinical,global,license,60.0,20.0,1100.0,1180.0,tiered royalties on future net sales (rates undisclosed),qualitative,,preclinical,none found,https://biotochina.org/2026/04/01/2026-march-%e9%9b%85%e6%b3%95%e5%85%a8%e7%90%83%e7%94%9f%e7%89%a9%e5%8c%bb%e8%8d%af%e4%ba%a4%e6%98%93%e6%9c%88%e6%8a%a5-yafo-global-biopharma-transactions-report/ | https://biotochina.org/2026/03/06/vol-81-2026-yafo-weekly-global-wrap-up-report-%e9%9b%85%e6%b3%95%e5%85%a8%e7%90%83%e7%94%9f%e7%89%a9%e5%8c%bb%e8%8d%af%e4%ba%a4%e6%98%93%e5%91%a8%e6%8a%a5/,Includes access to related manufacturing technology.,2026
202603-sinobio-sanofi-rovadicitinib,2026-03-04,Sino Biopharmaceutical / Chia Tai Tianqing (CTTQ),1177.HK,Sanofi,NASDAQ:SNY,"Rovadicitinib (TQ05105, JAK/ROCK inhibitor)",small molecule,Myelofibrosis; cGVHD; other heme/immunology indications,approved,global (worldwide exclusive),license,135.0,,1395.0,1530.0,tiered royalties reaching double-digit percentages on annual net sales,range,,approved in China (myelofibrosis); Sanofi launched in China in Q2 2026 (Sanofi H1 2026 report); ex-China development,none found,https://biotochina.org/2026/04/01/2026-march-%e9%9b%85%e6%b3%95%e5%85%a8%e7%90%83%e7%94%9f%e7%89%a9%e5%8c%bb%e8%8d%af%e4%ba%a4%e6%98%93%e6%9c%88%e6%8a%a5-yafo-global-biopharma-transactions-report/ | https://biotochina.org/2026/03/06/vol-81-2026-yafo-weekly-global-wrap-up-report-%e9%9b%85%e6%b3%95%e5%85%a8%e7%90%83%e7%94%9f%e7%89%a9%e5%8c%bb%e8%8d%af%e4%ba%a4%e6%98%93%e5%91%a8%e6%8a%a5/ | https://www.sec.gov/Archives/edgar/data/1121404/000162828026050803/exhibit992-2026halfyearman.htm,Approved asset with double-digit royalty top tier and AA-rated licensee: strong monetization candidate (sales ramp in China first).,2026
202603-antengene-boryung-xpovio,2026-03-04,Antengene Corporation,6996.HK,Boryung Corporation,KRX:003850,"Xpovio (selinexor, XPO1 inhibitor)",small molecule,Multiple myeloma; DLBCL,approved,South Korea,license,,,,,undisclosed,undisclosed,,approved,none found,https://biotochina.org/2026/04/01/2026-march-%e9%9b%85%e6%b3%95%e5%85%a8%e7%90%83%e7%94%9f%e7%89%a9%e5%8c%bb%e8%8d%af%e4%ba%a4%e6%98%93%e6%9c%88%e6%8a%a5-yafo-global-biopharma-transactions-report/ | https://biotochina.org/2026/03/06/vol-81-2026-yafo-weekly-global-wrap-up-report-%e9%9b%85%e6%b3%95%e5%85%a8%e7%90%83%e7%94%9f%e7%89%a9%e5%8c%bb%e8%8d%af%e4%ba%a4%e6%98%93%e5%91%a8%e6%8a%a5/,Sublicense of in-licensed Karyopharm asset for sales/distribution/regulatory in Korea - borderline commercialization deal.,2026
202603-joyo-erasca-jyp0015,2026-03-10,Guangzhou Joyo Pharmatech,private,Erasca,NASDAQ:ERAS,JYP0015 / ERAS-0015 (pan-RAS molecular glue),small molecule,"RAS-mutant solid tumors (CRC, NSCLC, PDAC)",Ph2,"mainland China, HK, Macau (territory expansion; Erasca now worldwide)",option,150.0,,,150.0,tiered royalties in the low- to mid-single-digit percentages on net sales of licensed products (Erasca 10-Q),range,,Ph1/2 (Erasca global; Joyo China Ph2),none found,https://biotochina.org/2026/04/01/2026-march-%e9%9b%85%e6%b3%95%e5%85%a8%e7%90%83%e7%94%9f%e7%89%a9%e5%8c%bb%e8%8d%af%e4%ba%a4%e6%98%93%e6%9c%88%e6%8a%a5-yafo-global-biopharma-transactions-report/ | https://biotochina.org/2026/03/17/vol-82-2026-yafo-weekly-global-wrap-up-report-%e9%9b%85%e6%b3%95%e5%85%a8%e7%90%83%e7%94%9f%e7%89%a9%e5%8c%bb%e8%8d%af%e4%ba%a4%e6%98%93%e5%91%a8%e6%8a%a5/ | https://www.sec.gov/Archives/edgar/data/1761918/000119312526216788/eras-20260331.htm,Exercise of option under May-2024 license: $150M one-time payment (post-Ph2 first dosing tier) to add Greater China. Original 2024 deal outside window.,2026
202603-auson-undisclosed-ausuvar,2026-03-16,Auson Pharma,private,Undisclosed US partner,private,Ausuvar (rivaroxaban dispersible tablet),small molecule,DVT; PE,approved,United States,license,,,,10.0,'relatively high royalty rates' (undisclosed),qualitative,,FDA-approved May 2025,none found,https://biotochina.org/2026/04/01/2026-march-%e9%9b%85%e6%b3%95%e5%85%a8%e7%90%83%e7%94%9f%e7%89%a9%e5%8c%bb%e8%8d%af%e4%ba%a4%e6%98%93%e6%9c%88%e6%8a%a5-yafo-global-biopharma-transactions-report/ | https://biotochina.org/2026/03/23/vol-83-2026-yafo-weekly-global-wrap-up-report-%e9%9b%85%e6%b3%95%e5%85%a8%e7%90%83%e7%94%9f%e7%89%a9%e5%8c%bb%e8%8d%af%e4%ba%a4%e6%98%93%e5%91%a8%e6%8a%a5/,505(b)(2) reformulation; upfront+milestones >$10M; patent settlement with originator enables launch.,2026
202603-alebund-r1-ap306,2026-03-17,Alebund Pharmaceuticals,private,R1 Therapeutics,private,"AP306 (pan-phosphate transporter inhibitor, SLC20A1/2 + NaPi-2b)",small molecule,Hyperphosphatemia in CKD/dialysis,Ph2,global ex-Greater China,license,,,,,tiered royalties in the low double-digit range on net sales,range,substantial equity interest in R1,Ph2,none found,https://biotochina.org/2026/04/01/2026-march-%e9%9b%85%e6%b3%95%e5%85%a8%e7%90%83%e7%94%9f%e7%89%a9%e5%8c%bb%e8%8d%af%e4%ba%a4%e6%98%93%e6%9c%88%e6%8a%a5-yafo-global-biopharma-transactions-report/ | https://biotochina.org/2026/03/23/vol-83-2026-yafo-weekly-global-wrap-up-report-%e9%9b%85%e6%b3%95%e5%85%a8%e7%90%83%e7%94%9f%e7%89%a9%e5%8c%bb%e8%8d%af%e4%ba%a4%e6%98%93%e5%91%a8%e6%8a%a5/,"Milestones 'up to the low hundreds of millions of US dollars'. R1 backed by DaVita, US Renal Care and VCs.",2026
202603-huaota-almirall-mab,2026-03-27,Shanghai Huaota Biopharmaceutical (Zhejiang Huahai),600521.SH (parent),Almirall,BME:ALM,Novel mAb against undisclosed new target,mAb,Medical dermatology,preclinical,global ex-China,co-dev,,,,340.0,tiered royalties to Huaota on future sales (rates undisclosed),qualitative,,preclinical (Huaota runs early research to PoC),none found,https://biotochina.org/2026/04/01/2026-march-%e9%9b%85%e6%b3%95%e5%85%a8%e7%90%83%e7%94%9f%e7%89%a9%e5%8c%bb%e8%8d%af%e4%ba%a4%e6%98%93%e6%9c%88%e6%8a%a5-yafo-global-biopharma-transactions-report/,Up to $340M upfront+milestones; reciprocal royalties paid by Huaota to Almirall on China sales.,2026
202603-insilico-lilly-oral,2026-03-29,Insilico Medicine,HKEX-listed (ticker not verified),Eli Lilly,NYSE:LLY,Preclinical oral therapeutics + Pharma.AI-designed candidates,small molecule,Metabolic / undisclosed,preclinical,global,license,115.0,,2635.0,2750.0,tiered royalties on future product sales (rates undisclosed),qualitative,,preclinical,none found,https://biotochina.org/2026/04/01/2026-march-%e9%9b%85%e6%b3%95%e5%85%a8%e7%90%83%e7%94%9f%e7%89%a9%e5%8c%bb%e8%8d%af%e4%ba%a4%e6%98%93%e6%9c%88%e6%8a%a5-yafo-global-biopharma-transactions-report/,,2026
202604-evive-intselchimos-ryzneuta,2026-04-02,Evive Biotech (Yifan Pharmaceutical),002019.SZ (parent),Intsel Chimos SAS; Vitalis Therapeutics,private,"Efbemalenograstim alfa (Ryzneuta, long-acting G-CSF)",other (recombinant protein),Chemotherapy-induced neutropenia,approved,France (Intsel Chimos); Australia & New Zealand (Vitalis),license,,,,,undisclosed,undisclosed,,approved (US/EU/China),none found,https://biotochina.org/2026/05/07/2026-apr-%e9%9b%85%e6%b3%95%e5%85%a8%e7%90%83%e7%94%9f%e7%89%a9%e5%8c%bb%e8%8d%af%e4%ba%a4%e6%98%93%e6%9c%88%e6%8a%a5-yafo-global-biopharma-transactions-report/ | https://biotochina.org/2026/04/13/vol-84-2026-yafo-weekly-global-wrap-up-report-%e9%9b%85%e6%b3%95%e5%85%a8%e7%90%83%e7%94%9f%e7%89%a9%e5%8c%bb%e8%8d%af%e4%ba%a4%e6%98%93%e5%91%a8%e6%8a%a5/,Regional commercialization licenses.,2026
202604-ganlee-jw-bofanglutide,2026-04-08,Gan & Lee Pharmaceuticals,603087.SH,JW Pharmaceutical,KRX:001060,"Bofanglutide (GZR18, biweekly GLP-1RA)",GLP-1 peptide,Obesity; T2D; OSA,Ph3,South Korea,license,5.0,,76.1,81.1,tiered royalties on net sales (rates undisclosed),qualitative,,Ph3 (China),none found,https://biotochina.org/2026/05/07/2026-apr-%e9%9b%85%e6%b3%95%e5%85%a8%e7%90%83%e7%94%9f%e7%89%a9%e5%8c%bb%e8%8d%af%e4%ba%a4%e6%98%93%e6%9c%88%e6%8a%a5-yafo-global-biopharma-transactions-report/ | https://biotochina.org/2026/04/13/vol-84-2026-yafo-weekly-global-wrap-up-report-%e9%9b%85%e6%b3%95%e5%85%a8%e7%90%83%e7%94%9f%e7%89%a9%e5%8c%bb%e8%8d%af%e4%ba%a4%e6%98%93%e5%91%a8%e6%8a%a5/,,2026
202604-xuanzhu-bostononc-birociclib,2026-04-09,Xuanzhu Biopharmaceutical,HKEX-listed (ticker not verified),Boston Oncology,private,Birociclib (CDK2/4/6) and dirozalkib (ALK/ROS1),small molecule,HR+ breast cancer; ALK+ NSCLC,approved,21 countries in Middle East & North Africa,license,,,100.0,,royalties based on sales in the region (rates undisclosed),qualitative,,approved in China,none found,https://biotochina.org/2026/05/07/2026-apr-%e9%9b%85%e6%b3%95%e5%85%a8%e7%90%83%e7%94%9f%e7%89%a9%e5%8c%bb%e8%8d%af%e4%ba%a4%e6%98%93%e6%9c%88%e6%8a%a5-yafo-global-biopharma-transactions-report/ | https://biotochina.org/2026/04/13/vol-84-2026-yafo-weekly-global-wrap-up-report-%e9%9b%85%e6%b3%95%e5%85%a8%e7%90%83%e7%94%9f%e7%89%a9%e5%8c%bb%e8%8d%af%e4%ba%a4%e6%98%93%e5%91%a8%e6%8a%a5/,Upfront undisclosed; up to $100M regulatory & commercial milestones; Xuanzhu supplies product.,2026
202604-haisco-abbvie-nav18,2026-04-13,Haisco Pharmaceutical Group,002653.SZ,AbbVie,NYSE:ABBV,HSK55718 and HSK51155 (Nav1.8 inhibitors),small molecule,Post-operative / acute pain,Ph2,"global ex-mainland China, HK, Macau",license,30.0,,715.0,745.0,tiered royalties on future net sales (rates undisclosed),qualitative,,HSK55718 Ph2; HSK51155 preclinical,none found,https://biotochina.org/2026/05/07/2026-apr-%e9%9b%85%e6%b3%95%e5%85%a8%e7%90%83%e7%94%9f%e7%89%a9%e5%8c%bb%e8%8d%af%e4%ba%a4%e6%98%93%e6%9c%88%e6%8a%a5-yafo-global-biopharma-transactions-report/ | https://biotochina.org/2026/04/20/vol-85-2026-yafo-weekly-global-wrap-up-report-%e9%9b%85%e6%b3%95%e5%85%a8%e7%90%83%e7%94%9f%e7%89%a9%e5%8c%bb%e8%8d%af%e4%ba%a4%e6%98%93%e5%91%a8%e6%8a%a5/,,2026
202604-tjbio-biogen-felzartamab,2026-04-20,TJ Biopharma (I-Mab legacy China entity),private,Biogen,NASDAQ:BIIB,Felzartamab (anti-CD38 mAb) - Greater China rights,mAb,AMR in kidney transplant; IgAN; primary membranous nephropathy,Ph3,Greater China (Biogen now holds worldwide rights),asset sale,100.0,,750.0,850.0,tiered royalties on net sales in Greater China from mid-single-digit to low-double-digit percentages (Biogen 10-Q),range,,Ph3 global (Biogen); YAFO lists 'filed' in China,none found,https://biotochina.org/2026/05/07/2026-apr-%e9%9b%85%e6%b3%95%e5%85%a8%e7%90%83%e7%94%9f%e7%89%a9%e5%8c%bb%e8%8d%af%e4%ba%a4%e6%98%93%e6%9c%88%e6%8a%a5-yafo-global-biopharma-transactions-report/ | https://biotochina.org/2026/04/24/vol-86-2026-yafo-weekly-global-wrap-up-report-%e9%9b%85%e6%b3%95%e5%85%a8%e7%90%83%e7%94%9f%e7%89%a9%e5%8c%bb%e8%8d%af%e4%ba%a4%e6%98%93%e5%91%a8%e6%8a%a5/ | https://www.sec.gov/Archives/edgar/data/875045/000087504526000045/biib-20260331.htm,"Milestones: $20M commercial + $730M sales. Biogen also assumes TJ Bio's obligations to MorphoSys (original licensor). Asset originated at MorphoSys - TJ Bio held only China rights; flag as rights buy-back, not China-originated IP.",2026
202604-hansoh-tortugas-cns,2026-04-21,Hansoh Pharmaceutical,3692.HK,Tortugas Neuroscience,private,"HS-10380 (TRTL-107, D2/D3 partial agonist + 5-HT2A antagonist) and HS-10353 (GABA-A PAM)",small molecule,Schizophrenia; tinnitus; depression,Ph2,global ex-Greater China,NewCo,,,,,undisclosed,undisclosed,,Ph2,none found,https://biotochina.org/2026/05/07/2026-apr-%e9%9b%85%e6%b3%95%e5%85%a8%e7%90%83%e7%94%9f%e7%89%a9%e5%8c%bb%e8%8d%af%e4%ba%a4%e6%98%93%e6%9c%88%e6%8a%a5-yafo-global-biopharma-transactions-report/ | https://biotochina.org/2026/04/24/vol-86-2026-yafo-weekly-global-wrap-up-report-%e9%9b%85%e6%b3%95%e5%85%a8%e7%90%83%e7%94%9f%e7%89%a9%e5%8c%bb%e8%8d%af%e4%ba%a4%e6%98%93%e5%91%a8%e6%8a%a5/,"Tortugas launched with Cure Ventures, The Column Group, AN Venture Partners; also licensed two Eisai assets.",2026
202604-hybio-torrent-lanreotide,2026-04-21,Hybio Pharmaceutical,300199.SZ,Torrent Pharmaceuticals,NSE:TORNTPHARM,Lanreotide acetate pre-filled sustained-release injection,other (peptide generic/complex),Acromegaly / NETs,preclinical,United States,license,,,,,undisclosed,undisclosed,,development,none found,https://biotochina.org/2026/05/07/2026-apr-%e9%9b%85%e6%b3%95%e5%85%a8%e7%90%83%e7%94%9f%e7%89%a9%e5%8c%bb%e8%8d%af%e4%ba%a4%e6%98%93%e6%9c%88%e6%8a%a5-yafo-global-biopharma-transactions-report/ | https://biotochina.org/2026/04/24/vol-86-2026-yafo-weekly-global-wrap-up-report-%e9%9b%85%e6%b3%95%e5%85%a8%e7%90%83%e7%94%9f%e7%89%a9%e5%8c%bb%e8%8d%af%e4%ba%a4%e6%98%93%e5%91%a8%e6%8a%a5/,"Complex generic peptide; Hybio develops/supplies, Torrent commercializes.",2026
202604-adcoris-k2-acr246,2026-04-24,Adcoris,private,K2 Therapeutics (MPM BioImpact hub),private,ACR246 (5T4 ADC) + a bispecific ADC project,ADC,"NSCLC, ovarian, pancreatic, breast and other solid tumors",Ph1/2,global,NewCo,,,730.0,730.0,tiered royalties on global sales reaching double-digit percentages,range,equity in newly formed asset company (size undisclosed),Ph1/2,none found,https://biotochina.org/2026/05/07/2026-apr-%e9%9b%85%e6%b3%95%e5%85%a8%e7%90%83%e7%94%9f%e7%89%a9%e5%8c%bb%e8%8d%af%e4%ba%a4%e6%98%93%e6%9c%88%e6%8a%a5-yafo-global-biopharma-transactions-report/,Upfront cash + NewCo equity + up to $730M milestones.,2026
202605-siran-gsk-sa030,2026-05-06,Siran Biotech (SiranBio),private,GSK,NYSE:GSK,SA030 (ALK7-targeting siRNA),siRNA,Obesity / overweight,Ph1,"global ex-mainland China, HK, Macau, Taiwan",license,,,,1005.0,tiered royalties on net sales in licensed territories (rates undisclosed),qualitative,,"Ph1 (SiranBio runs Ph1, then GSK)",none found,https://biotochina.org/2026/06/02/2026-may-%e9%9b%85%e6%b3%95%e5%85%a8%e7%90%83%e7%94%9f%e7%89%a9%e5%8c%bb%e8%8d%af%e4%ba%a4%e6%98%93%e6%9c%88%e6%8a%a5-yafo-global-biopharma-transactions-report/ | https://biotochina.org/2026/05/11/vol-87-2026-yafo-weekly-global-wrap-up-report-%e9%9b%85%e6%b3%95%e5%85%a8%e7%90%83%e7%94%9f%e7%89%a9%e5%8c%bb%e8%8d%af%e4%ba%a4%e6%98%93%e5%91%a8%e6%8a%a5/,Upfront undisclosed; up to $1.005B dev+commercial milestones.,2026
202605-zhaotai-bioora-wztl002,2026-05-06,Wellington Zhaotai Therapies (Zhaotai Medical Group),private,BioOra,private,WZTL-002 (third-gen anti-CD19 CAR-T),cell therapy,B-cell lymphomas; B-ALL; autoimmune disease,Ph2,global ex-China and India,license,,,,,undisclosed,undisclosed,,Ph2 (NZ),none found,https://biotochina.org/2026/06/02/2026-may-%e9%9b%85%e6%b3%95%e5%85%a8%e7%90%83%e7%94%9f%e7%89%a9%e5%8c%bb%e8%8d%af%e4%ba%a4%e6%98%93%e6%9c%88%e6%8a%a5-yafo-global-biopharma-transactions-report/ | https://biotochina.org/2026/05/11/vol-87-2026-yafo-weekly-global-wrap-up-report-%e9%9b%85%e6%b3%95%e5%85%a8%e7%90%83%e7%94%9f%e7%89%a9%e5%8c%bb%e8%8d%af%e4%ba%a4%e6%98%93%e5%91%a8%e6%8a%a5/,Binding heads of terms. Licensor HQ China/New Zealand (Hunan Zhaotai + Malaghan Institute JV) - borderline China licensor.,2026
202605-hengrui-bms-multi,2026-05-12,Jiangsu Hengrui Pharmaceuticals,600276.SH / 1276.HK,Bristol Myers Squibb,NYSE:BMY,4 hematology/oncology programs + 5 jointly discovered programs (13 early-stage programs in total),other (multiple),Oncology; hematology; immunology,preclinical,"global ex-mainland China, HK, Macau",co-dev,600.0,,14600.0,15200.0,undisclosed,undisclosed,,preclinical/early,none found,https://biotochina.org/2026/06/02/2026-may-%e9%9b%85%e6%b3%95%e5%85%a8%e7%90%83%e7%94%9f%e7%89%a9%e5%8c%bb%e8%8d%af%e4%ba%a4%e6%98%93%e6%9c%88%e6%8a%a5-yafo-global-biopharma-transactions-report/ | https://biotochina.org/2026/05/21/vol-88-2026-yafo-weekly-global-wrap-up-report-%e9%9b%85%e6%b3%95%e5%85%a8%e7%90%83%e7%94%9f%e7%89%a9%e5%8c%bb%e8%8d%af%e4%ba%a4%e6%98%93%e5%91%a8%e6%8a%a5/ | https://wtaq.com/2026/09/28/factbox-us-drugmakers-turn-to-china-for-licensing-deals/,Hengrui retains option to co-develop selected assets and participate in certain global commercialization.,2026
202605-nmu-tolerance-il33,2026-05-19,Nanjing Medical University,public university,Tolerance Bio,private,IL-33 antagonist program,other (undisclosed),Long-term sequelae of infectious disease / immune imbalance,preclinical,global,license,,,,1.4,undisclosed,undisclosed,,preclinical,none found,https://biotochina.org/2026/06/02/2026-may-%e9%9b%85%e6%b3%95%e5%85%a8%e7%90%83%e7%94%9f%e7%89%a9%e5%8c%bb%e8%8d%af%e4%ba%a4%e6%98%93%e6%9c%88%e6%8a%a5-yafo-global-biopharma-transactions-report/ | https://biotochina.org/2026/05/22/vol-89-2026-yafo-weekly-global-wrap-up-report-%e9%9b%85%e6%b3%95%e5%85%a8%e7%90%83%e7%94%9f%e7%89%a9%e5%8c%bb%e8%8d%af%e4%ba%a4%e6%98%93%e5%91%a8%e6%8a%a5/,Academic out-license ~US$1.4M.,2026
202605-innovent-pfizer-onc12,2026-05-29,Innovent Biologics,1801.HK,Pfizer,NYSE:PFE,"12 early-stage oncology programs (ADCs with novel payloads, multispecifics)",other (multiple ADC/multispecific),Oncology,preclinical,4 global; 4 ex-Greater China; 4 co-commercialized,co-dev,650.0,,9850.0,10500.0,tiered royalties reaching double-digit percentages on future sales of approved licensed products,range,,preclinical,none found,https://biotochina.org/2026/06/02/2026-may-%e9%9b%85%e6%b3%95%e5%85%a8%e7%90%83%e7%94%9f%e7%89%a9%e5%8c%bb%e8%8d%af%e4%ba%a4%e6%98%93%e6%9c%88%e6%8a%a5-yafo-global-biopharma-transactions-report/ | https://wtaq.com/2026/09/28/factbox-us-drugmakers-turn-to-china-for-licensing-deals/,,2026
202606-haisco-lilly-5targets,2026-06-02,Haisco Pharmaceutical Group,002653.SZ,Eli Lilly,NYSE:LLY,Up to five innovative drug programs (undisclosed targets),small molecule,Multiple therapeutic areas,preclinical,"global ex-mainland China, HK, Macau, Taiwan (for some programs global)",co-dev,,87.0,2970.0,3054.0,tiered single-digit royalties on future net sales,range,,discovery,none found,https://biotochina.org/2026/07/02/2026-june-%e9%9b%85%e6%b3%95%e5%85%a8%e7%90%83%e7%94%9f%e7%89%a9%e5%8c%bb%e8%8d%af%e4%ba%a4%e6%98%93%e6%9c%88%e6%8a%a5-yafo-global-biopharma-transactions-report/ | https://biotochina.org/2026/06/05/vol-90-2026-yafo-weekly-global-wrap-up-report-%e9%9b%85%e6%b3%95%e5%85%a8%e7%90%83%e7%94%9f%e7%89%a9%e5%8c%bb%e8%8d%af%e4%ba%a4%e6%98%93%e5%91%a8%e6%8a%a5/,Up to $87M upfront+near-term.,2026
202606-everest-travere-civorebrutinib,2026-06-02,Everest Medicines,1952.HK,Travere Therapeutics,NASDAQ:TVTX,Civorebrutinib (oral covalent-reversible BTK inhibitor),small molecule,"IgAN, MN, FSGS and other immune-mediated kidney diseases",Ph2,global ex-China and certain East/Southeast Asian markets,co-dev,112.5,,1030.0,1142.5,tiered royalties on net sales in the Territory ranging from high single-digit to double-digit percentages (Travere 8-K),range,,effective Jul 2026; upfront paid Jul 2026; Ph2,none found,https://biotochina.org/2026/07/02/2026-june-%e9%9b%85%e6%b3%95%e5%85%a8%e7%90%83%e7%94%9f%e7%89%a9%e5%8c%bb%e8%8d%af%e4%ba%a4%e6%98%93%e6%9c%88%e6%8a%a5-yafo-global-biopharma-transactions-report/ | https://biotochina.org/2026/06/05/vol-90-2026-yafo-weekly-global-wrap-up-report-%e9%9b%85%e6%b3%95%e5%85%a8%e7%90%83%e7%94%9f%e7%89%a9%e5%8c%bb%e8%8d%af%e4%ba%a4%e6%98%93%e5%91%a8%e6%8a%a5/ | https://www.sec.gov/Archives/edgar/data/1438533/000119312526252474/d107618d8k.htm | https://www.sec.gov/Archives/edgar/data/1438533/000143853326000063/tvtx-20260630.htm,Milestones across up to five indications; global trial costs shared. Licensee is a commercial-stage US renal company (Filspari).,2026
202606-boan-undisclosed-dulaglutide,2026-06-04,Shandong Boan Biotechnology,6955.HK,Undisclosed partner,private,BA5101 (dulaglutide biosimilar),GLP-1 peptide,Type 2 diabetes,approved,United States,license,,,,,sales-based milestones (royalty undisclosed),undisclosed,,approved in China; BLA to be filed by partner in US,none found,https://biotochina.org/2026/07/02/2026-june-%e9%9b%85%e6%b3%95%e5%85%a8%e7%90%83%e7%94%9f%e7%89%a9%e5%8c%bb%e8%8d%af%e4%ba%a4%e6%98%93%e6%9c%88%e6%8a%a5-yafo-global-biopharma-transactions-report/ | https://biotochina.org/2026/06/05/vol-90-2026-yafo-weekly-global-wrap-up-report-%e9%9b%85%e6%b3%95%e5%85%a8%e7%90%83%e7%94%9f%e7%89%a9%e5%8c%bb%e8%8d%af%e4%ba%a4%e6%98%93%e5%91%a8%e6%8a%a5/,Biosimilar; upfront + dev/commercial + sales milestones.,2026
202606-westgene-cartesian-invivocar,2026-06-08,WestGene Biopharma,private,Cartesian Therapeutics,NASDAQ:RNAC,Targeted LNP / in vivo CAR-T technology (BCMA-targeting in vivo CAR-T),cell therapy,Myasthenia gravis; autoimmune disease,preclinical,worldwide (non-exclusive),license,,,,,royalties on net sales of licensed products + sublicense revenue sharing (rates undisclosed),qualitative,,first clinical study planned 2H 2026,none found,https://biotochina.org/2026/07/02/2026-june-%e9%9b%85%e6%b3%95%e5%85%a8%e7%90%83%e7%94%9f%e7%89%a9%e5%8c%bb%e8%8d%af%e4%ba%a4%e6%98%93%e6%9c%88%e6%8a%a5-yafo-global-biopharma-transactions-report/ | https://biotochina.org/2026/06/15/vol-91-2026-yafo-weekly-global-wrap-up-report-%e9%9b%85%e6%b3%95%e5%85%a8%e7%90%83%e7%94%9f%e7%89%a9%e5%8c%bb%e8%8d%af%e4%ba%a4%e6%98%93%e5%91%a8%e6%8a%a5/ | https://www.sec.gov/Archives/edgar/data/1453687/000145368726000101/rnac-20260630.htm,Non-exclusive license; YAFO dates 2026-06-09.,2026
202606-xtalpi-undisclosed-gpcr,2026-06-09,XtalPi Holdings,2228.HK,Undisclosed leading biopharma,undisclosed,Oral small molecule against undisclosed GPCR target,small molecule,Undisclosed,preclinical,global,co-dev,,,,400.0,royalties (rates undisclosed),qualitative,,discovery,none found,https://biotochina.org/2026/07/02/2026-june-%e9%9b%85%e6%b3%95%e5%85%a8%e7%90%83%e7%94%9f%e7%89%a9%e5%8c%bb%e8%8d%af%e4%ba%a4%e6%98%93%e6%9c%88%e6%8a%a5-yafo-global-biopharma-transactions-report/ | https://biotochina.org/2026/06/15/vol-91-2026-yafo-weekly-global-wrap-up-report-%e9%9b%85%e6%b3%95%e5%85%a8%e7%90%83%e7%94%9f%e7%89%a9%e5%8c%bb%e8%8d%af%e4%ba%a4%e6%98%93%e5%91%a8%e6%8a%a5/,Total potential value >$400M.,2026
202606-laekna-vasque-lae118,2026-06-10,Laekna Therapeutics,2105.HK,Vasque Bio,private,LAE118 (PI3Ka pan-mutant selective inhibitor),small molecule,PIK3CA-mutant solid tumors,Ph1,"global ex-mainland China, HK, Macau, Taiwan",license,10.0,,517.0,527.0,tiered royalties from single-digit to double-digit percentages on net sales,range,option to receive Vasque equity or cash equivalent,Ph1,none found,https://biotochina.org/2026/07/02/2026-june-%e9%9b%85%e6%b3%95%e5%85%a8%e7%90%83%e7%94%9f%e7%89%a9%e5%8c%bb%e8%8d%af%e4%ba%a4%e6%98%93%e6%9c%88%e6%8a%a5-yafo-global-biopharma-transactions-report/ | https://biotochina.org/2026/06/15/vol-91-2026-yafo-weekly-global-wrap-up-report-%e9%9b%85%e6%b3%95%e5%85%a8%e7%90%83%e7%94%9f%e7%89%a9%e5%8c%bb%e8%8d%af%e4%ba%a4%e6%98%93%e5%91%a8%e6%8a%a5/,YAFO table total $527M (card text reads up to ~$557M; used table figure). Small private licensee (credit risk).,2026
202606-newsoara-campfield-hpp737,2026-06-18,Newsoara Biopharma,private,cAMPfield Therapeutics,private,"HPP737 (prifemilast, PDE4B-selective inhibitor)",small molecule,Ulcerative colitis; Crohn's; psoriasis,Ph3,global ex-Greater China,NewCo,,,,,undisclosed,undisclosed,,positive Ph3 in plaque psoriasis (China); global Ph2b UC / Ph2 Crohn's planned by cAMPfield,none found,https://biotochina.org/2026/07/02/2026-june-%e9%9b%85%e6%b3%95%e5%85%a8%e7%90%83%e7%94%9f%e7%89%a9%e5%8c%bb%e8%8d%af%e4%ba%a4%e6%98%93%e6%9c%88%e6%8a%a5-yafo-global-biopharma-transactions-report/ | https://news.google.com/rss/search?q=cAMPfield+Newsoara,NewCo launched with $180M Series A. Asset originated at vTv Therapeutics and was licensed to Newsoara - royalties to vTv likely stack.,2026
202606-antengene-k2-atg106,2026-06-22,Antengene Corporation,6996.HK,K2 Therapeutics (MPM BioImpact),private,ATG-106 (CDH6 x CD3 TCE) + option on undisclosed bispecific TCE,TCE,Ovarian cancer; kidney cancer,preclinical,global ex-Greater China,NewCo,,20.0,960.5,980.5,tiered royalties on future global sales (rates undisclosed),qualitative,minority equity in newly formed K2 subsidiary,preclinical,none found,https://biotochina.org/2026/07/02/2026-june-%e9%9b%85%e6%b3%95%e5%85%a8%e7%90%83%e7%94%9f%e7%89%a9%e5%8c%bb%e8%8d%af%e4%ba%a4%e6%98%93%e6%9c%88%e6%8a%a5-yafo-global-biopharma-transactions-report/,"~$20M upfront+near-term (cash + NewCo equity). YAFO table lists $1,961M incl. the option program.",2026
202606-alphamab-nanolek-armocibart,2026-06-22,Alphamab Oncology,9966.HK,Nanolek,private,Armocibart (anti-TFPI mAb),mAb,Hemophilia A/B prophylaxis,Ph3,"Russia, EAEU, Azerbaijan, Uzbekistan",license,,,,,undisclosed,undisclosed,,Ph3,none found,https://biotochina.org/2026/07/02/2026-june-%e9%9b%85%e6%b3%95%e5%85%a8%e7%90%83%e7%94%9f%e7%89%a9%e5%8c%bb%e8%8d%af%e4%ba%a4%e6%98%93%e6%9c%88%e6%8a%a5-yafo-global-biopharma-transactions-report/,Commercialization license; Nanolek is MAH.,2026
202606-insilico-skbp-neuroimmune,2026-06-22,Insilico Medicine,HKEX-listed (ticker not verified),SK Biopharmaceuticals,KRX:326030,AI-discovered candidates for neuroimmune CNS disorders,small molecule,Neuroimmune disorders,preclinical,global,co-dev,,18.0,,2500.0,single-digit royalties on future net sales,range,,discovery,none found,https://biotochina.org/2026/07/02/2026-june-%e9%9b%85%e6%b3%95%e5%85%a8%e7%90%83%e7%94%9f%e7%89%a9%e5%8c%bb%e8%8d%af%e4%ba%a4%e6%98%93%e6%9c%88%e6%8a%a5-yafo-global-biopharma-transactions-report/,Up to $18M upfront+near-term; total >$2.5B.,2026
202606-truelab-bionyra-tl001,2026-06-22,TrueLab Biopharmaceutical,private,Bionyra Pharma,private,"TL-001 (BYN-002, anti-TL1A mAb) and TL-003 (TL1A x IL-23p19 bispecific)",bispecific,IBD; ulcerative colitis,Ph1,global ex-Greater China,license,,,,985.0,undisclosed,undisclosed,,Ph1,none found,https://biotochina.org/2026/07/02/2026-june-%e9%9b%85%e6%b3%95%e5%85%a8%e7%90%83%e7%94%9f%e7%89%a9%e5%8c%bb%e8%8d%af%e4%ba%a4%e6%98%93%e6%9c%88%e6%8a%a5-yafo-global-biopharma-transactions-report/,Up to $985M upfront+milestones.,2026
202606-abbisko-lilly-multi,2026-06-23,Abbisko Therapeutics,2256.HK,Eli Lilly,NYSE:LLY,Innovative drug projects against multiple Lilly-selected targets,small molecule,Undisclosed,preclinical,global,co-dev,,,,1900.0,tiered royalties on future product sales (rates undisclosed),qualitative,,discovery,none found,https://biotochina.org/2026/07/02/2026-june-%e9%9b%85%e6%b3%95%e5%85%a8%e7%90%83%e7%94%9f%e7%89%a9%e5%8c%bb%e8%8d%af%e4%ba%a4%e6%98%93%e6%9c%88%e6%8a%a5-yafo-global-biopharma-transactions-report/,Upfront undisclosed; up to $1.9B milestones.,2026
202606-yoltech-serapha-yolt202,2026-06-23,YolTech Therapeutics,private,Serapha Bio (merging with Boundless Bio),NASDAQ:BOLD (post-merger),YOLT-202 / SERP-01 (in vivo base editing for AATD),other (in vivo gene editing),Alpha-1 antitrypsin deficiency,Ph1,global ex-Greater China,NewCo,,,2000.0,,tiered royalties on future net sales (rates undisclosed),qualitative,minority equity stake in Serapha (size undisclosed),Ph1 (IIT in China); Serapha going public via Boundless Bio reverse merger with $230M; Beam Therapeutics sued Serapha/YolTech alleging trade-secret misuse (Sep 2026),none found,https://biotochina.org/2026/07/02/2026-june-%e9%9b%85%e6%b3%95%e5%85%a8%e7%90%83%e7%94%9f%e7%89%a9%e5%8c%bb%e8%8d%af%e4%ba%a4%e6%98%93%e6%9c%88%e6%8a%a5-yafo-global-biopharma-transactions-report/ | https://www.sec.gov/Archives/edgar/data/1782303/000119312526278570/d159021d8k.htm,License dated 2026-06-12; upfront cash + minority equity; >$2B regulatory and commercial milestones. Litigation risk.,2026
202606-haisco-nuvectis-hsk39297,2026-06-23,Haisco Pharmaceutical Group,002653.SZ,Nuvectis Pharma,NASDAQ:NVCT,"HSK39297 (NXP100, oral factor B inhibitor) and HSK42360 (NXP200, BRAF paradox breaker)",small molecule,"PNH, IgAN, C3G and other complement diseases; BRAF-mutant glioma/solid tumors",filed,"HSK42360: global ex-Greater China; HSK39297: global ex-Greater China, India and selected SE Asia",license,20.0,20.0,1400.0,1461.0,tiered royalties of 9% to 14% on net sales (Nuvectis 10-Q),exact,,"effective 2026-07-01 after Nuvectis financing; $20M upfront paid Jul 2026; HSK39297 filed in China, HSK42360 Ph1",none found,https://biotochina.org/2026/07/02/2026-june-%e9%9b%85%e6%b3%95%e5%85%a8%e7%90%83%e7%94%9f%e7%89%a9%e5%8c%bb%e8%8d%af%e4%ba%a4%e6%98%93%e6%9c%88%e6%8a%a5-yafo-global-biopharma-transactions-report/ | https://www.sec.gov/Archives/edgar/data/1875558/000110465926090109/tmb-20260630x10q.htm | https://www.sec.gov/Archives/edgar/data/1875558/000110465926076624/tm2618439d1_8k.htm,Haisco cites $40M upfront+near-term and up to $1.421B total. Some milestones payable in Nuvectis stock (<40% of applicable milestone). Small-cap licensee (16 employees) - credit risk.,2026
202606-cstone-arrotex-sugemalimab,2026-06-25,CStone Pharmaceuticals,2616.HK,Arrotex Pharmaceuticals,private,Sugemalimab (anti-PD-L1 mAb),mAb,"NSCLC, ESCC, gastric and other cancers",approved,Australia and New Zealand,license,,,,,profit-sharing on supply (no royalty disclosed),qualitative,,"approved (China, EU, UK)",none found,https://biotochina.org/2026/07/02/2026-june-%e9%9b%85%e6%b3%95%e5%85%a8%e7%90%83%e7%94%9f%e7%89%a9%e5%8c%bb%e8%8d%af%e4%ba%a4%e6%98%93%e6%9c%88%e6%8a%a5-yafo-global-biopharma-transactions-report/,Upfront + regulatory/commercial milestones undisclosed; CStone supplies under profit-sharing.,2026
202606-taihe-bioauragen-cart,2026-06-26,Hebei Taihe Chunyu Biotechnology,private,BioAuraGen,private,"Dual-target CAR-T (CD70/BCMA, CD70/CLL-1) and platform",cell therapy,Hematologic malignancies,preclinical,global,license,,,,,undisclosed,undisclosed,,preclinical,none found,https://biotochina.org/2026/07/02/2026-june-%e9%9b%85%e6%b3%95%e5%85%a8%e7%90%83%e7%94%9f%e7%89%a9%e5%8c%bb%e8%8d%af%e4%ba%a4%e6%98%93%e6%9c%88%e6%8a%a5-yafo-global-biopharma-transactions-report/,,2026
202606-shuangcheng-undisclosed-scc141,2026-06-27,Hainan Shuangcheng Pharmaceutical,002693.SZ,Undisclosed US partner,undisclosed,SC-C141 (peptide),other (peptide),Undisclosed,preclinical,United States,license,,,10.0,10.0,share of profits after launch (no royalty disclosed),qualitative,,preclinical,none found,https://biotochina.org/2026/07/02/2026-june-%e9%9b%85%e6%b3%95%e5%85%a8%e7%90%83%e7%94%9f%e7%89%a9%e5%8c%bb%e8%8d%af%e4%ba%a4%e6%98%93%e6%9c%88%e6%8a%a5-yafo-global-biopharma-transactions-report/,Up to $10M milestones.,2026
202606-metis-boulevard-mts128,2026-06-30,METiS TechBio,HKEX-listed (ticker not verified),Boulevard Bio (Deerfield-backed),private,MTS-128 (trispecific T-cell engager),TCE,Autoimmune disease,preclinical,global,license,20.0,,1600.0,1620.0,tiered royalties on future product sales (rates undisclosed),qualitative,,preclinical,none found,https://biotochina.org/2026/07/02/2026-june-%e9%9b%85%e6%b3%95%e5%85%a8%e7%90%83%e7%94%9f%e7%89%a9%e5%8c%bb%e8%8d%af%e4%ba%a4%e6%98%93%e6%9c%88%e6%8a%a5-yafo-global-biopharma-transactions-report/ | https://biotochina.org/2026/06/02/2026-may-%e9%9b%85%e6%b3%95%e5%85%a8%e7%90%83%e7%94%9f%e7%89%a9%e5%8c%bb%e8%8d%af%e4%ba%a4%e6%98%93%e6%9c%88%e6%8a%a5-yafo-global-biopharma-transactions-report/,Follows METiS-Deerfield strategic alliance announced 2026-05-28 (lead TCE program).,2026
202607-insilico-takeda-ai,2026-07-02,Insilico Medicine,HKEX-listed (ticker not verified),Takeda,TSE:4502,Pharma.AI-designed candidates,small molecule,Takeda core areas,preclinical,global,co-dev,,60.0,,600.0,tiered royalties on future product sales (rates undisclosed),qualitative,,discovery,none found,https://biotochina.org/2026/08/04/2026-july-%e9%9b%85l%e6%b3%95%e5%85%a8%e7%90%83%e7%94%9f%e7%89%a9%e5%8c%bb%e8%8d%af%e4%ba%a4%e6%98%93%e6%9c%88%e6%8a%a5-yafo-global-biopharma-transactions-report/ | https://biotochina.org/2026/07/13/vol-93-2026-yafo-weekly-global-wrap-up-report-%e9%9b%85%e6%b3%95%e5%85%a8%e7%90%83%e7%94%9f%e7%89%a9%e5%8c%bb%e8%8d%af%e4%ba%a4%e6%98%93%e5%91%a8%e6%8a%a5/,"~$60M in initiation fees, near-term and milestone payments.",2026
202607-cspc-az-sirna-kidney,2026-07-02,CSPC Pharmaceutical Group,1093.HK,AstraZeneca,NASDAQ:AZN,Two preclinical siRNA candidates for kidney disease,siRNA,Nephropathy,preclinical,one global; one ex-China (option),option,30.0,,1740.0,1770.0,undisclosed,undisclosed,,preclinical,none found,https://biotochina.org/2026/08/04/2026-july-%e9%9b%85l%e6%b3%95%e5%85%a8%e7%90%83%e7%94%9f%e7%89%a9%e5%8c%bb%e8%8d%af%e4%ba%a4%e6%98%93%e6%9c%88%e6%8a%a5-yafo-global-biopharma-transactions-report/ | https://biotochina.org/2026/07/13/vol-93-2026-yafo-weekly-global-wrap-up-report-%e9%9b%85%e6%b3%95%e5%85%a8%e7%90%83%e7%94%9f%e7%89%a9%e5%8c%bb%e8%8d%af%e4%ba%a4%e6%98%93%e5%91%a8%e6%8a%a5/,Research collaboration with option to license.,2026
202607-lees-ashlins-ifn,2026-07-06,Lee's Pharmaceutical Holdings,0950.HK,Ashlins Ocular Pharmaceuticals,private,Yallaferon (interferon alfa-2b API-based products),other (recombinant protein),"Ocular/viral indications (HPV, herpes)",approved,"global ex-mainland China, HK, Macau, Taiwan",license,,,,31.0,undisclosed,undisclosed,,approved (China),none found,https://biotochina.org/2026/08/04/2026-july-%e9%9b%85l%e6%b3%95%e5%85%a8%e7%90%83%e7%94%9f%e7%89%a9%e5%8c%bb%e8%8d%af%e4%ba%a4%e6%98%93%e6%9c%88%e6%8a%a5-yafo-global-biopharma-transactions-report/,"Lee's is exclusive API supplier; up to $31M upfront, development and annual commercial milestones.",2026
202607-biocytogen-whitehawk-bsadc,2026-07-07,Biocytogen Pharmaceuticals,2315.HK / 688796.SH,Whitehawk Therapeutics,NASDAQ:WHWK,Up to five RenLite bispecific antibodies for BsADCs,ADC,Oncology,preclinical,global (option),option,,,,,low single-digit royalties on net sales,range,,preclinical,none found,https://biotochina.org/2026/08/04/2026-july-%e9%9b%85l%e6%b3%95%e5%85%a8%e7%90%83%e7%94%9f%e7%89%a9%e5%8c%bb%e8%8d%af%e4%ba%a4%e6%98%93%e6%9c%88%e6%8a%a5-yafo-global-biopharma-transactions-report/ | https://biotochina.org/2026/07/13/vol-93-2026-yafo-weekly-global-wrap-up-report-%e9%9b%85%e6%b3%95%e5%85%a8%e7%90%83%e7%94%9f%e7%89%a9%e5%8c%bb%e8%8d%af%e4%ba%a4%e6%98%93%e5%91%a8%e6%8a%a5/ | https://www.sec.gov/Archives/edgar/data/1422142/000119312526337933/whwk-20260630.htm,,2026
202607-otr-lgchem-onc,2026-07-08,OTR Therapeutics,private,LG Chem,KRX:051910,China-originated oncology candidates (program-specific),other (undisclosed),Oncology,preclinical,global (OTR may share worldwide rights in late stage),co-dev,,,,,undisclosed,undisclosed,,discovery,none found,https://biotochina.org/2026/08/04/2026-july-%e9%9b%85l%e6%b3%95%e5%85%a8%e7%90%83%e7%94%9f%e7%89%a9%e5%8c%bb%e8%8d%af%e4%ba%a4%e6%98%93%e6%9c%88%e6%8a%a5-yafo-global-biopharma-transactions-report/ | https://biotochina.org/2026/07/13/vol-93-2026-yafo-weekly-global-wrap-up-report-%e9%9b%85%e6%b3%95%e5%85%a8%e7%90%83%e7%94%9f%e7%89%a9%e5%8c%bb%e8%8d%af%e4%ba%a4%e6%98%93%e5%91%a8%e6%8a%a5/,,2026
202607-cttq-az-tqc3721,2026-07-08,Sino Biopharmaceutical / Chia Tai Tianqing (CTTQ),1177.HK,AstraZeneca,NASDAQ:AZN,TQC3721 (inhaled PDE3/4 inhibitor),small molecule,COPD; asthma,Ph3,global ex-China,license,200.0,,1900.0,2100.0,tiered royalties that may reach double-digit percentages of annual net sales,range,,Ph3 (China),none found,https://biotochina.org/2026/08/04/2026-july-%e9%9b%85l%e6%b3%95%e5%85%a8%e7%90%83%e7%94%9f%e7%89%a9%e5%8c%bb%e8%8d%af%e4%ba%a4%e6%98%93%e6%9c%88%e6%8a%a5-yafo-global-biopharma-transactions-report/ | https://biotochina.org/2026/07/13/vol-93-2026-yafo-weekly-global-wrap-up-report-%e9%9b%85%e6%b3%95%e5%85%a8%e7%90%83%e7%94%9f%e7%89%a9%e5%8c%bb%e8%8d%af%e4%ba%a4%e6%98%93%e5%91%a8%e6%8a%a5/,"Competitor to Merck's Ohtuvayre (ensifentrine). Same day Sino Biopharm expanded a separate respiratory deal with GSK (China in-licensing, excluded).",2026
202607-zhaoke-nevakar-nvk002,2026-07-13,Zhaoke Ophthalmology,6622.HK,Nevakar,private,NVK002 (low-dose atropine),small molecule,Myopia,filed,United States,license,0.0,,,0.0,royalty-free perpetual license,exact,,filed,none found,https://biotochina.org/2026/08/04/2026-july-%e9%9b%85l%e6%b3%95%e5%85%a8%e7%90%83%e7%94%9f%e7%89%a9%e5%8c%bb%e8%8d%af%e4%ba%a4%e6%98%93%e6%9c%88%e6%8a%a5-yafo-global-biopharma-transactions-report/ | https://biotochina.org/2026/07/17/vol-94-2026-yafo-weekly-global-wrap-up-report-%e9%9b%85%e6%b3%95%e5%85%a8%e7%90%83%e7%94%9f%e7%89%a9%e5%8c%bb%e8%8d%af%e4%ba%a4%e6%98%93%e5%91%a8%e6%8a%a5/,Not an economic out-licensing: royalty-free US license granted back to Nevakar as part of Zhaoke's acquisition of NVK002. Included for completeness; exclude from economics.,2026
202607-dizal-az-sunvozertinib,2026-07-14,Dizal Pharmaceutical,688192.SH,AstraZeneca,NASDAQ:AZN,"Sunvozertinib (Zegfrovy, oral EGFR exon20 inhibitor)",small molecule,EGFR exon 20 insertion NSCLC,approved,global (worldwide),license,600.0,,900.0,1500.0,tiered royalties on global net sales (rates undisclosed),qualitative,,"deal completed 2026-09-01; approved US (2L, accelerated) and China; US launch by AZ Q4 2026; 1L sNDA accepted by FDA after WU-KONG28 Ph3",none found,https://biotochina.org/2026/08/04/2026-july-%e9%9b%85l%e6%b3%95%e5%85%a8%e7%90%83%e7%94%9f%e7%89%a9%e5%8c%bb%e8%8d%af%e4%ba%a4%e6%98%93%e6%9c%88%e6%8a%a5-yafo-global-biopharma-transactions-report/ | https://biotochina.org/2026/07/17/vol-94-2026-yafo-weekly-global-wrap-up-report-%e9%9b%85%e6%b3%95%e5%85%a8%e7%90%83%e7%94%9f%e7%89%a9%e5%8c%bb%e8%8d%af%e4%ba%a4%e6%98%93%e5%91%a8%e6%8a%a5/ | https://www.sec.gov/Archives/edgar/data/901832/000165495426006637/a2449m.htm | https://www.sec.gov/Archives/edgar/data/901832/000165495426007986/a7349s.htm,"Approved, de-risked asset licensed to AA-rated pharma: prime royalty-monetization candidate (rates undisclosed - check Dizal SSE announcements). AZ is a historic Dizal shareholder.",2026
202607-innovent-spero-ibi355,2026-07-14,Innovent Biologics,1801.HK,Spero Therapeutics,NASDAQ:SPRO,IBI355 / SP001 (Fc-silent anti-CD40L mAb),mAb,IgG4-RD; Sjogren's; SLE,Ph1,global ex-Greater China,license,35.0,,1050.0,1100.0,tiered royalties from high single-digit to mid-teens percentages on annual net sales (Spero 8-K),range,,Ph1; Spero Ph2 in IgG4-RD planned Q2 2027,"none found for IBI355 (Spero separately did a non-recourse royalty financing with HealthCare Royalty on its own tebipenem stream, Jul 2026)",https://biotochina.org/2026/08/04/2026-july-%e9%9b%85l%e6%b3%95%e5%85%a8%e7%90%83%e7%94%9f%e7%89%a9%e5%8c%bb%e8%8d%af%e4%ba%a4%e6%98%93%e6%9c%88%e6%8a%a5-yafo-global-biopharma-transactions-report/ | https://biotochina.org/2026/07/17/vol-94-2026-yafo-weekly-global-wrap-up-report-%e9%9b%85%e6%b3%95%e5%85%a8%e7%90%83%e7%94%9f%e7%89%a9%e5%8c%bb%e8%8d%af%e4%ba%a4%e6%98%93%e5%91%a8%e6%8a%a5/ | https://www.sec.gov/Archives/edgar/data/1701108/000119312526302473/d320658d8k.htm,Small-cap licensee (credit risk).,2026
202607-hansoh-avere-hs20118,2026-07-14,Hansoh Pharmaceutical,3692.HK,Avere Therapeutics (reverse merger into NextCure),NASDAQ:NXTC (post-merger),HS-20118 / AVR-001 (oral cyclic peptide IL-23R antagonist),other (oral peptide),Plaque psoriasis; ulcerative colitis,Ph2,"global ex-mainland China, HK, Macau, Taiwan",NewCo,120.0,,2180.0,2300.0,"tiered royalties from mid-single to low-double digits on net sales, subject to reductions and an aggregate floor",range,,$90M of $120M upfront paid; Ph2b psoriasis to start; NextCure merger pending (S-4/A filed 2026-10-01),none found,https://biotochina.org/2026/08/04/2026-july-%e9%9b%85l%e6%b3%95%e5%85%a8%e7%90%83%e7%94%9f%e7%89%a9%e5%8c%bb%e8%8d%af%e4%ba%a4%e6%98%93%e6%9c%88%e6%8a%a5-yafo-global-biopharma-transactions-report/ | https://biotochina.org/2026/07/17/vol-94-2026-yafo-weekly-global-wrap-up-report-%e9%9b%85%e6%b3%95%e5%85%a8%e7%90%83%e7%94%9f%e7%89%a9%e5%8c%bb%e8%8d%af%e4%ba%a4%e6%98%93%e5%91%a8%e6%8a%a5/ | https://www.sec.gov/Archives/edgar/data/1661059/000110465926083326/tm2620428d1_ex99-1.htm | https://www.sec.gov/Archives/edgar/data/1661059/000110465926112469/nxtc-20260630xs4a.htm,Hansoh co-led $320M private placement into the merged company (strategic investment). Royalty floor noted in S-4.,2026
202607-impact-pharmanovia-senaparib,2026-07-30,IMPACT Therapeutics,HKEX-listed (ticker not verified),Pharmanovia,private,Senaparib (PARP1/2 inhibitor),small molecule,1L maintenance advanced ovarian / fallopian tube / primary peritoneal cancer,approved,"Europe, MENA, Australia, New Zealand",license,,,,478.2,tiered royalties of up to the mid-20% range on net sales,range,,approved in China; positive CHMP opinion 2026-09-18 for 1L maintenance ovarian cancer (EC decision pending),none found,https://biotochina.org/2026/08/04/2026-july-%e9%9b%85l%e6%b3%95%e5%85%a8%e7%90%83%e7%94%9f%e7%89%a9%e5%8c%bb%e8%8d%af%e4%ba%a4%e6%98%93%e6%9c%88%e6%8a%a5-yafo-global-biopharma-transactions-report/ | https://biotochina.org/2026/07/24/vol-95-2026-yafo-weekly-global-wrap-up-report-%e9%9b%85%e6%b3%95%e5%85%a8%e7%90%83%e7%94%9f%e7%89%a9%e5%8c%bb%e8%8d%af%e4%ba%a4%e6%98%93%e5%91%a8%e6%8a%a5/ | https://www.biobucks.co/biotech-bdl-tracker-2026,Up to US$478.2M (~EUR 423.5M) upfront + regulatory/commercial milestones. Pharmanovia is a private UK lifecycle-management pharma (PE-backed; mid credit). High royalty rate.,2026
202607-auson-eton-asn001,2026-07-31,Auson Pharmaceuticals,private,Eton Pharmaceuticals,NASDAQ:ETON,ASN-001 (timolol maleate topical gel),small molecule,Proliferating superficial infantile hemangioma,Ph3,United States,license,3.0,,,,10% on cumulative lifetime net sales <=$200M; 13% for >$200M-$400M; 15% above $400M (Eton 10-Q),exact,,positive Ph2/3; Eton bioavailability bridging study then NDA 2H 2027,none found,https://biotochina.org/2026/09/02/2026-aug-%e9%9b%85l%e6%b3%95%e5%85%a8%e7%90%83%e7%94%9f%e7%89%a9%e5%8c%bb%e8%8d%af%e4%ba%a4%e6%98%93%e6%9c%88%e6%8a%a5-yafo-global-biopharma-transactions-report/ | https://biotochina.org/2026/08/07/vol-96-2026-yafo-weekly-global-wrap-up-report-%e9%9b%85%e6%b3%95%e5%85%a8%e7%90%83%e7%94%9f%e7%89%a9%e5%8c%bb%e8%8d%af%e4%ba%a4%e6%98%93%e5%91%a8%e6%8a%a5/ | https://www.sec.gov/Archives/edgar/data/1710340/000143774926027684/eton20260630_10q.htm,"Agreement signed 2026-07-31, announced 2026-08-05. Milestones: $5M at first commercial sale + sales milestones ($10M at $150M, $10M at $280M annual sales, others). Small-cap licensee.",2026
202608-alphamab-pathos-jskn016,2026-08-04,Alphamab Oncology,9966.HK,Pathos AI,private,JSKN016 (TROP2 x HER3 bispecific ADC),ADC,"NSCLC, breast (HR+/TNBC), gastric/GEJ and other solid tumors",Ph3,global ex-Greater China,license,125.0,,2093.0,2218.0,tiered royalties on future product sales (rates undisclosed),qualitative,,Ph3 (China),none found,https://biotochina.org/2026/09/02/2026-aug-%e9%9b%85l%e6%b3%95%e5%85%a8%e7%90%83%e7%94%9f%e7%89%a9%e5%8c%bb%e8%8d%af%e4%ba%a4%e6%98%93%e6%9c%88%e6%8a%a5-yafo-global-biopharma-transactions-report/ | https://biotochina.org/2026/08/07/vol-96-2026-yafo-weekly-global-wrap-up-report-%e9%9b%85%e6%b3%95%e5%85%a8%e7%90%83%e7%94%9f%e7%89%a9%e5%8c%bb%e8%8d%af%e4%ba%a4%e6%98%93%e5%91%a8%e6%8a%a5/ | https://www.biobucks.co/biotech-bdl-tracker-2026,"Pathos (AI-driven, well-funded private) also expanded AstraZeneca collaboration same day.",2026
202608-crystalo-almirall-derm,2026-08-10,Shenzhen CrystalO Biopharma Technology,private,Almirall,BME:ALM,Ion-channel small molecules for medical dermatology (to be discovered),small molecule,Medical dermatology,preclinical,global ex-mainland China,co-dev,,,,,undisclosed,undisclosed,,discovery,none found,https://biotochina.org/2026/09/02/2026-aug-%e9%9b%85l%e6%b3%95%e5%85%a8%e7%90%83%e7%94%9f%e7%89%a9%e5%8c%bb%e8%8d%af%e4%ba%a4%e6%98%93%e6%9c%88%e6%8a%a5-yafo-global-biopharma-transactions-report/ | https://biotochina.org/2026/08/14/vol-97-2026-yafo-weekly-global-wrap-up-report-%e9%9b%85%e6%b3%95%e5%85%a8%e7%90%83%e7%94%9f%e7%89%a9%e5%8c%bb%e8%8d%af%e4%ba%a4%e6%98%93%e5%91%a8%e6%8a%a5/,,2026
202608-ganlee-menarini-bofanglutide,2026-08-11,Gan & Lee Pharmaceuticals,603087.SH,Menarini Group,private,"Bofanglutide (GZR18, biweekly GLP-1RA)",GLP-1 peptide,Obesity / overweight,Ph3,"39 European markets (EU, UK, CH, NO, IS, LI, 7 Balkan countries) - obesity indication",license,70.0,,751.0,821.0,undisclosed,undisclosed,,Ph3 (China); definitive agreement announced 2026-09-03,none found,https://biotochina.org/2026/09/02/2026-aug-%e9%9b%85l%e6%b3%95%e5%85%a8%e7%90%83%e7%94%9f%e7%89%a9%e5%8c%bb%e8%8d%af%e4%ba%a4%e6%98%93%e6%9c%88%e6%8a%a5-yafo-global-biopharma-transactions-report/ | https://biotochina.org/2026/08/14/vol-97-2026-yafo-weekly-global-wrap-up-report-%e9%9b%85%e6%b3%95%e5%85%a8%e7%90%83%e7%94%9f%e7%89%a9%e5%8c%bb%e8%8d%af%e4%ba%a4%e6%98%93%e5%91%a8%e6%8a%a5/ | https://www.biobucks.co/biotech-bdl-tracker-2026,EUR 62M upfront + EUR 664M milestones = EUR 726M (~US$820.67M). Gan & Lee keeps other indications in territory.,2026
202608-henlius-sandoz-biosimilars,2026-08-17,Shanghai Henlius Biotech,2696.HK,Sandoz,SIX:SDZ,"HLX05-N (cetuximab), HLX16 (evolocumab), belimumab biosimilar + option on HLXTE-HAase1001; up to 10 biosimilars",mAb,Oncology; hypercholesterolemia; SLE/LN,Ph1,global ex-China,license,85.0,,237.0,322.0,undisclosed,undisclosed,,preclinical/Ph1,none found,https://biotochina.org/2026/09/02/2026-aug-%e9%9b%85l%e6%b3%95%e5%85%a8%e7%90%83%e7%94%9f%e7%89%a9%e5%8c%bb%e8%8d%af%e4%ba%a4%e6%98%93%e6%9c%88%e6%8a%a5-yafo-global-biopharma-transactions-report/ | https://biotochina.org/2026/08/24/vol-98-2026-yafo-weekly-global-wrap-up-report-%e9%9b%85%e6%b3%95%e5%85%a8%e7%90%83%e7%94%9f%e7%89%a9%e5%8c%bb%e8%8d%af%e4%ba%a4%e6%98%93%e5%91%a8%e6%8a%a5/,"Up to $322M incl. upfront, milestones and non-refundable option fee; up to $100.5M invoiced in 2026.",2026
202608-leads-oblenio-lbl051,2026-08-18,Leads Biolabs,HKEX-listed (ticker not verified),Oblenio Bio,private,LBL-051 (bispecific),bispecific,"Autoimmune disease (MG, SLE, LN, MS)",Ph1,global,license,,,,10.0,undisclosed,undisclosed,,Ph1,none found,https://biotochina.org/2026/08/24/vol-98-2026-yafo-weekly-global-wrap-up-report-%e9%9b%85%e6%b3%95%e5%85%a8%e7%90%83%e7%94%9f%e7%89%a9%e5%8c%bb%e8%8d%af%e4%ba%a4%e6%98%93%e5%91%a8%e6%8a%a5/,YAFO lists $10M total in Aug 2026 (likely amendment/expansion; Oblenio raised $62M Series B Jun 2026). Terms unclear.,2026
202608-haisco-sentivera-hsk60002,2026-08-26,Haisco Pharmaceutical Group,002653.SZ,Sentivera Therapeutics (Population Health Partners / ARCH),private,HSK60002 (STAT6 inhibitor),small molecule,Atopic dermatitis; type 2 inflammation,Ph1,global ex-Greater China,NewCo,40.0,36.0,1460.0,1536.0,tiered royalties from mid-single digits to low double digits on net sales,range,equity consideration ~US$36M (stake % undisclosed),Ph1,none found,https://biotochina.org/2026/09/02/2026-aug-%e9%9b%85l%e6%b3%95%e5%85%a8%e7%90%83%e7%94%9f%e7%89%a9%e5%8c%bb%e8%8d%af%e4%ba%a4%e6%98%93%e6%9c%88%e6%8a%a5-yafo-global-biopharma-transactions-report/ | https://www.biobucks.co/biotech-bdl-tracker-2026,US$75.89M upfront cash + equity (~$40M cash + ~$36M equity per biobucks). Launched by Metsera backers.,2026
202608-westgene-create-invivocar,2026-08-28,WestGene Biopharma,private,CREATE Medicines,private,"CRT-403 (CD19xBCMA in vivo CAR-T), CRT-401 (HER2xTROP2), RetroT-enabled CD19xBCMA program",cell therapy,Autoimmune disease; solid tumors,preclinical,global,co-dev,,,,,undisclosed,undisclosed,,preclinical,none found,https://biotochina.org/2026/09/02/2026-aug-%e9%9b%85l%e6%b3%95%e5%85%a8%e7%90%83%e7%94%9f%e7%89%a9%e5%8c%bb%e8%8d%af%e4%ba%a4%e6%98%93%e6%9c%88%e6%8a%a5-yafo-global-biopharma-transactions-report/,,2026
202608-dualitybio-genentech-dupac,2026-08-28,Duality Biologics (DualityBio),9606.HK (ticker not verified),Genentech (Roche),SIX:ROG,DUPAC novel-payload ADCs against Genentech-selected targets,ADC,Oncology,preclinical,global,license,45.0,,1000.0,1045.0,tiered royalties on future net sales (rates undisclosed),qualitative,,discovery,none found,https://biotochina.org/2026/09/02/2026-aug-%e9%9b%85l%e6%b3%95%e5%85%a8%e7%90%83%e7%94%9f%e7%89%a9%e5%8c%bb%e8%8d%af%e4%ba%a4%e6%98%93%e6%9c%88%e6%8a%a5-yafo-global-biopharma-transactions-report/ | https://www.biobucks.co/biotech-bdl-tracker-2026,"DualityBio leads to Ph1a, then Genentech.",2026
202608-claruvis-revelyx-yy003,2026-08-31,Chongqing Claruvis Pharmaceutical,private,Revelyx Bio,private,YY003 (ready-to-use liquid recombinant botulinum toxin A),other (recombinant protein),Aesthetic and therapeutic neurotoxin indications,Ph2,"global ex-mainland China, HK, Macau",NewCo,,,,,undisclosed,undisclosed,,clinical-stage,none found,https://biotochina.org/2026/09/02/2026-aug-%e9%9b%85l%e6%b3%95%e5%85%a8%e7%90%83%e7%94%9f%e7%89%a9%e5%8c%bb%e8%8d%af%e4%ba%a4%e6%98%93%e6%9c%88%e6%8a%a5-yafo-global-biopharma-transactions-report/,NewCo launch.,2026
202608-cttq-cipla-tqb2102,2026-08-31,Sino Biopharmaceutical / Chia Tai Tianqing (CTTQ),1177.HK,Cipla,NSE:CIPLA,"Rolditamig deuderuxtecan (TQB2102, HER2 biparatopic ADC)",ADC,"HER2+/HER2-low breast, gastric, NSCLC and other cancers",Ph3,"India, South Africa and five other emerging markets",license,,,,123.0,undisclosed,undisclosed,,Ph3 (China),none found,https://biotochina.org/2026/09/02/2026-aug-%e9%9b%85l%e6%b3%95%e5%85%a8%e7%90%83%e7%94%9f%e7%89%a9%e5%8c%bb%e8%8d%af%e4%ba%a4%e6%98%93%e6%9c%88%e6%8a%a5-yafo-global-biopharma-transactions-report/,License and supply; CTTQ manufactures.,2026
202609-simcere-roche-sim0660,2026-09-01,Jiangsu Simcere Zaiming (Simcere subsidiary),2096.HK (parent),Roche,SIX:ROG,SIM0660 (trispecific B-cell-targeting T-cell engager),TCE,B-cell lymphoma; autoimmune disease,preclinical,global,license,75.0,,1455.0,1530.0,undisclosed,undisclosed,,preclinical,none found,https://biotochina.org/2026/09/11/vol-99-2026-yafo-weekly-global-wrap-up-report-%e9%9b%85%e6%b3%95%e5%85%a8%e7%90%83%e7%94%9f%e7%89%a9%e5%8c%bb%e8%8d%af%e4%ba%a4%e6%98%93%e5%91%a8%e6%8a%a5/ | https://www.biobucks.co/biotech-bdl-tracker-2026,,2026
202609-hutchmed-gsk-hmpla830,2026-09-02,HUTCHMED (China),NASDAQ:HCM / 0013.HK,GSK,NYSE:GSK,HMPL-A830 (KRAS-EGFR antibody-targeted therapy conjugate),ADC,"KRAS-mutant CRC, pancreatic and lung cancer",preclinical,"global ex-mainland China, HK, Macau, Taiwan",license,110.0,,1185.0,1295.0,tiered royalties on annual net sales (rates undisclosed),qualitative,,global Ph1a initiated Sep 2026,none found,https://biotochina.org/2026/09/11/vol-99-2026-yafo-weekly-global-wrap-up-report-%e9%9b%85%e6%b3%95%e5%85%a8%e7%90%83%e7%94%9f%e7%89%a9%e5%8c%bb%e8%8d%af%e4%ba%a4%e6%98%93%e5%91%a8%e6%8a%a5/ | https://www.sec.gov/Archives/edgar/data/1648257/000164825726000057/hcm-20260903xex99d1.htm | https://www.biobucks.co/biotech-bdl-tracker-2026,GSK also has ROFN on one earlier-stage ATTC candidate.,2026
202609-chimagen-gsk-tce,2026-09-15,Chimagen Biosciences,private,GSK,NYSE:GSK,Trispecific T-cell engager for multiple myeloma,TCE,Multiple myeloma,preclinical,global,asset sale,,,,750.0,not disclosed,undisclosed,,Ph1 expected 2027,none found,https://biotochina.org/2026/09/21/vol-100-2026-yafo-weekly-global-wrap-up-report-%e9%9b%85%e6%b3%95%e5%85%a8%e7%90%83%e7%94%9f%e7%89%a9%e5%8c%bb%e8%8d%af%e4%ba%a4%e6%98%93%e5%91%a8%e6%8a%a5/ | https://www.gsk.com/en-gb/media/press-releases/gsk-to-acquire-potential-best-in-class-t-cell-engager-tce-for-multiple-myeloma-from-chimagen-biosciences/,"GSK acquires full global rights; upfront + success-based milestones, total up to $750M. GSK's second Chimagen deal.",2026
202609-escugen-sovran-bsadc,2026-09-16,Escugen Biotechnology,private,Sovran Bio,private,Bispecific ADC candidate,ADC,Oncology,preclinical,global,license,,,,,undisclosed,undisclosed,,preclinical,none found,https://biotochina.org/2026/09/21/vol-100-2026-yafo-weekly-global-wrap-up-report-%e9%9b%85%e6%b3%95%e5%85%a8%e7%90%83%e7%94%9f%e7%89%a9%e5%8c%bb%e8%8d%af%e4%ba%a4%e6%98%93%e5%91%a8%e6%8a%a5/,,2026
202609-sironax-novartis-bdm,2026-09-16,Sironax,private,Novartis,NYSE:NVS,Brain Delivery Module (BBB-crossing platform),other (delivery platform),CNS disorders,preclinical,global,asset sale,125.0,,50.0,175.0,undisclosed,undisclosed,,preclinical,none found,https://biotochina.org/2026/09/21/vol-100-2026-yafo-weekly-global-wrap-up-report-%e9%9b%85%e6%b3%95%e5%85%a8%e7%90%83%e7%94%9f%e7%89%a9%e5%8c%bb%e8%8d%af%e4%ba%a4%e6%98%93%e5%91%a8%e6%8a%a5/,"Novartis exercised option and purchased the platform asset ($125M), total up to $175M. Platform rather than single drug asset.",2026
202609-boomray-novartis-rlt,2026-09-21,BoomRay Pharmaceuticals,private,Novartis,NYSE:NVS,Undisclosed preclinical radioligand therapy asset,other (radioligand),Oncology,preclinical,global,license,,,,900.0,royalties on future global net sales (rates undisclosed),qualitative,,preclinical,none found,https://biotochina.org/2026/09/28/vol-101-2026-yafo-weekly-global-wrap-up-report-%e9%9b%85%e6%b3%95%e5%85%a8%e7%90%83%e7%94%9f%e7%89%a9%e5%8c%bb%e8%8d%af%e4%ba%a4%e6%98%93%e5%91%a8%e6%8a%a5/ | https://www.biospectrumasia.com/news/25/28408/chinas-boomray-pharma-enters-license-agreement-worth-900-m-with-novartis-for-novel-radioligand-therapy-asset.html,,2026
202609-innocare-lilly-5targets,2026-09-23,InnoCare Pharma,9969.HK / 688428.SH,Eli Lilly,NYSE:LLY,Drug discovery programs against up to five targets,small molecule,Undisclosed,preclinical,global,co-dev,,100.0,3250.0,3350.0,single-digit tiered royalties on annual net product sales,range,,discovery,none found,https://biotochina.org/2026/09/28/vol-101-2026-yafo-weekly-global-wrap-up-report-%e9%9b%85%e6%b3%95%e5%85%a8%e7%90%83%e7%94%9f%e7%89%a9%e5%8c%bb%e8%8d%af%e4%ba%a4%e6%98%93%e5%91%a8%e6%8a%a5/ | https://finance.yahoo.com/healthcare/articles/innocare-announces-strategic-research-collaboration-042000583.html,Up to $100M upfront+near-term.,2026
202609-scibrunch-merck-spr2015,2026-09-28,SciBrunch Therapeutics,private,Merck & Co. (MSD),NYSE:MRK,SPR2015 (oral KRAS G12D (ON) inhibitor),small molecule,"Pancreatic, colorectal and lung cancer",preclinical,global,license,400.0,,1730.0,2130.0,undisclosed,undisclosed,,preclinical; Merck to book $400M charge in Q3 2026,none found,https://wtaq.com/2026/09/28/factbox-us-drugmakers-turn-to-china-for-licensing-deals/ | https://www.roi-nj.com/2026/10/02/healthcare/merck-forges-2-13b-deal-with-chinese-biotech-for-experimental-cancer-drug/,Founder previously sold an earlier KRAS G12D drug for $24M upfront (per Oncodaily).,2026
202609-hengrui-novo-hrs1596,2026-09-29,Jiangsu Hengrui Pharmaceuticals,600276.SH / 1276.HK,Novo Nordisk,NYSE:NVO,HRS-1596 (once-weekly oral GLP-1/GIP dual agonist),GLP-1 peptide,Obesity; T2D,preclinical,"global ex-mainland China, HK, Macau, Taiwan",license,300.0,,2300.0,2600.0,royalties on net sales in territory (rates undisclosed),qualitative,,Ph1-ready (China IND approved); closing expected Q4 2026 subject to HSR,none found,https://www.prnewswire.com/news-releases/hengrui-pharma-and-novo-enter-exclusive-license-agreement-for-once-weekly-oral-glp-1gip-dual-receptor-agonist-hrs-1596-302892378.html | https://www.biobucks.co/biotech-bdl-tracker-2026,Reported 2026-09-28 US time.,2026
202610-abogen-novartis-abo2203,2026-10-02,Abogen Biosciences,private,Novartis,NYSE:NVS,ABO2203 (mRNA-encoded CD19 x CD3 T-cell engager) + options on other RNA programs,TCE,Autoimmune disease; B-cell NHL,Ph1,global,option,575.0,,7200.0,7775.0,potential royalties on future product sales (rates undisclosed),qualitative,,Ph1 (FIH in r/r B-NHL),none found,https://finance.yahoo.com/healthcare/articles/abogen-announces-licensing-option-agreement-044200259.html | https://www.cnbc.com/2026/10/02/novartis-abogen-china-biotech-deal.html | https://www.biobucks.co/biotech-bdl-tracker-2026,License + options; milestones assume all options exercised.,2026
202310-hengrui-pyrotinib-drl,,Jiangsu Hengrui Pharmaceuticals,600276.SH,Dr. Reddy's Laboratories,NYSE:RDY,pyrotinib maleate (HER1/2/4 TKI),small molecule,HER2+ breast cancer,approved,India (and possibly other emerging markets - unverified),license,,,,,undisclosed,undisclosed,,unknown,none found,https://news.qq.com/rain/a/20231227A08XJT00,Exact day not confirmed (October 2023). Emerging-market commercialization license; financial terms not captured. Low value.,2023
